REGIAO:;SE;;;
UF:;SP;;;
ESTACAO:;SAO PAULO - INTERLAGOS;;;
CODIGO (WMO):;A771;;;
LATITUDE:;-2,372,444,443;;;
LONGITUDE:;-4,667,749,999;;;
ALTITUDE:;771;;;
DATA DE FUNDACAO:;14/03/2018;;;
Data;Hora UTC;Precipitacao;Temperatura;Umidade
01/01/2026;0000 UTC;0;23,3;72
01/01/2026;0100 UTC;0;22,5;75
01/01/2026;0200 UTC;0;22,6;76
01/01/2026;0300 UTC;0;22,4;78
01/01/2026;0400 UTC;0;22,8;79
01/01/2026;0500 UTC;0;22,7;80
01/01/2026;0600 UTC;0;23,1;79
01/01/2026;0700 UTC;0;22,5;83
01/01/2026;0800 UTC;0;22,2;83
01/01/2026;0900 UTC;0;22,3;84
01/01/2026;1000 UTC;0;23,8;78
01/01/2026;1100 UTC;0;24,4;75
01/01/2026;1200 UTC;0;26,4;67
01/01/2026;1300 UTC;0;27,8;60
01/01/2026;1400 UTC;0;28,2;58
01/01/2026;1500 UTC;0;30,5;48
01/01/2026;1600 UTC;0;30,1;50
01/01/2026;1700 UTC;0;30,4;50
01/01/2026;1800 UTC;0;30,8;51
01/01/2026;1900 UTC;0;30,1;52
01/01/2026;2000 UTC;0;30,2;52
01/01/2026;2100 UTC;0;29,1;55
01/01/2026;2200 UTC;0;27,8;61
01/01/2026;2300 UTC;0;23,9;77
02/01/2026;0000 UTC;3;21,4;92
02/01/2026;0100 UTC;,4;21;96
02/01/2026;0200 UTC;0;22;93
02/01/2026;0300 UTC;,2;21,8;90
02/01/2026;0400 UTC;0;21,9;89
02/01/2026;0500 UTC;0;21,9;90
02/01/2026;0600 UTC;0;21,7;89
02/01/2026;0700 UTC;0;21,5;89
02/01/2026;0800 UTC;0;21,6;89
02/01/2026;0900 UTC;0;21,8;89
02/01/2026;1000 UTC;0;22,3;86
02/01/2026;1100 UTC;0;23,1;83
02/01/2026;1200 UTC;0;25,6;71
02/01/2026;1300 UTC;0;25,5;71
02/01/2026;1400 UTC;0;27,2;65
02/01/2026;1500 UTC;0;28,6;61
02/01/2026;1600 UTC;0;28,8;61
02/01/2026;1700 UTC;0;27,8;61
02/01/2026;1800 UTC;0;28;61
02/01/2026;1900 UTC;0;27,7;65
02/01/2026;2000 UTC;0;27,6;66
02/01/2026;2100 UTC;0;25,5;67
02/01/2026;2200 UTC;0;24,6;75
02/01/2026;2300 UTC;0;24,5;78
03/01/2026;0000 UTC;1,2;21,2;90
03/01/2026;0100 UTC;0;20,7;92
03/01/2026;0200 UTC;0;20,7;94
03/01/2026;0300 UTC;0;20,5;93
03/01/2026;0400 UTC;0;20,9;92
03/01/2026;0500 UTC;0;21;94
03/01/2026;0600 UTC;0;21,3;91
03/01/2026;0700 UTC;0;21;92
03/01/2026;0800 UTC;,2;20,8;90
03/01/2026;0900 UTC;0;21,1;90
03/01/2026;1000 UTC;0;22,7;82
03/01/2026;1100 UTC;0;22,9;83
03/01/2026;1200 UTC;0;24,5;74
03/01/2026;1300 UTC;,2;27,2;67
03/01/2026;1400 UTC;0;27,8;63
03/01/2026;1500 UTC;0;29,6;56
03/01/2026;1600 UTC;0;30,8;48
03/01/2026;1700 UTC;0;30,3;55
03/01/2026;1800 UTC;0;29,7;52
03/01/2026;1900 UTC;0;30,3;50
03/01/2026;2000 UTC;0;27,3;60
03/01/2026;2100 UTC;0;27,5;68
03/01/2026;2200 UTC;0;25,4;81
03/01/2026;2300 UTC;0;23,9;89
04/01/2026;0000 UTC;0;23,3;89
04/01/2026;0100 UTC;0;24,1;83
04/01/2026;0200 UTC;0;23,7;87
04/01/2026;0300 UTC;0;22,2;83
04/01/2026;0400 UTC;0;21,5;87
04/01/2026;0500 UTC;0;21,2;88
04/01/2026;0600 UTC;0;20,9;90
04/01/2026;0700 UTC;0;20,4;85
04/01/2026;0800 UTC;,2;19,8;94
04/01/2026;0900 UTC;1;19,9;95
04/01/2026;1000 UTC;0;19,6;94
04/01/2026;1100 UTC;,6;19,2;94
04/01/2026;1200 UTC;,2;19,4;94
04/01/2026;1300 UTC;0;19,3;93
04/01/2026;1400 UTC;0;20,8;83
04/01/2026;1500 UTC;0;21,2;83
04/01/2026;1600 UTC;0;20,7;81
04/01/2026;1700 UTC;0;20,6;81
04/01/2026;1800 UTC;0;21,4;79
04/01/2026;1900 UTC;0;18,8;90
04/01/2026;2000 UTC;0;19,1;86
04/01/2026;2100 UTC;0;18;93
04/01/2026;2200 UTC;,4;17,5;94
04/01/2026;2300 UTC;0;17,4;94
05/01/2026;0000 UTC;0;17,5;95
05/01/2026;0100 UTC;0;17,4;93
05/01/2026;0200 UTC;0;17,3;94
05/01/2026;0300 UTC;0;17,6;91
05/01/2026;0400 UTC;0;17,4;94
05/01/2026;0500 UTC;0;17,4;94
05/01/2026;0600 UTC;0;17,4;94
05/01/2026;0700 UTC;,2;17,2;95
05/01/2026;0800 UTC;,2;16,5;94
05/01/2026;0900 UTC;0;17;92
05/01/2026;1000 UTC;0;16,8;94
05/01/2026;1100 UTC;0;17,1;91
05/01/2026;1200 UTC;0;18,2;86
05/01/2026;1300 UTC;0;19,1;82
05/01/2026;1400 UTC;0;17,3;88
05/01/2026;1500 UTC;0;18,5;84
05/01/2026;1600 UTC;0;19,3;81
05/01/2026;1700 UTC;0;19;86
05/01/2026;1800 UTC;0;18,7;86
05/01/2026;1900 UTC;0;18,3;87
05/01/2026;2000 UTC;0;17,4;91
05/01/2026;2100 UTC;0;17,2;94
05/01/2026;2200 UTC;0;16,8;93
05/01/2026;2300 UTC;0;17;94
06/01/2026;0000 UTC;,8;16,5;95
06/01/2026;0100 UTC;,4;16,7;95
06/01/2026;0200 UTC;0;17;96
06/01/2026;0300 UTC;0;17,1;92
06/01/2026;0400 UTC;0;16,9;91
06/01/2026;0500 UTC;0;17,1;90
06/01/2026;0600 UTC;0;17,1;89
06/01/2026;0700 UTC;0;16,9;90
06/01/2026;0800 UTC;0;16,9;90
06/01/2026;0900 UTC;,2;16,8;91
06/01/2026;1000 UTC;0;17,5;86
06/01/2026;1100 UTC;0;19;79
06/01/2026;1200 UTC;0;19,6;76
06/01/2026;1300 UTC;0;21,1;71
06/01/2026;1400 UTC;0;22;68
06/01/2026;1500 UTC;0;23,8;61
06/01/2026;1600 UTC;0;24,5;59
06/01/2026;1700 UTC;0;23,3;70
06/01/2026;1800 UTC;0;23,2;73
06/01/2026;1900 UTC;0;22,5;76
06/01/2026;2000 UTC;0;20,8;82
06/01/2026;2100 UTC;0;20,1;84
06/01/2026;2200 UTC;0;19,9;86
06/01/2026;2300 UTC;0;19,9;88
07/01/2026;0000 UTC;0;19,7;87
07/01/2026;0100 UTC;0;19,6;89
07/01/2026;0200 UTC;0;19,6;90
07/01/2026;0300 UTC;0;19,8;90
07/01/2026;0400 UTC;0;19,9;90
07/01/2026;0500 UTC;0;20,2;84
07/01/2026;0600 UTC;0;19,6;82
07/01/2026;0700 UTC;0;19;85
07/01/2026;0800 UTC;0;19;87
07/01/2026;0900 UTC;0;18,7;89
07/01/2026;1000 UTC;0;21,1;76
07/01/2026;1100 UTC;0;22,8;71
07/01/2026;1200 UTC;0;24,8;62
07/01/2026;1300 UTC;0;26,7;57
07/01/2026;1400 UTC;0;27,8;56
07/01/2026;1500 UTC;0;26,9;58
07/01/2026;1600 UTC;0;27,6;51
07/01/2026;1700 UTC;0;30,1;45
07/01/2026;1800 UTC;0;25,6;73
07/01/2026;1900 UTC;24,4;20;95
07/01/2026;2000 UTC;,2;20,3;92
07/01/2026;2100 UTC;0;21,3;94
07/01/2026;2200 UTC;0;20,8;92
07/01/2026;2300 UTC;0;21;93
08/01/2026;0000 UTC;0;20,4;93
08/01/2026;0100 UTC;0;20,1;95
08/01/2026;0200 UTC;0;20,4;95
08/01/2026;0300 UTC;0;20,1;95
08/01/2026;0400 UTC;;;
08/01/2026;0500 UTC;0;19,7;91
08/01/2026;0600 UTC;0;19,4;93
08/01/2026;0700 UTC;0;18,7;95
08/01/2026;0800 UTC;0;18,8;94
08/01/2026;0900 UTC;0;19,5;94
08/01/2026;1000 UTC;0;22,3;78
08/01/2026;1100 UTC;0;24,4;67
08/01/2026;1200 UTC;0;26,9;57
08/01/2026;1300 UTC;,2;28,4;54
08/01/2026;1400 UTC;,2;29,4;51
08/01/2026;1500 UTC;0;29,4;50
08/01/2026;1600 UTC;0;30,4;48
08/01/2026;1700 UTC;0;32,2;45
08/01/2026;1800 UTC;0;27,3;68
08/01/2026;1900 UTC;0;26;69
08/01/2026;2000 UTC;,2;21,3;85
08/01/2026;2100 UTC;1,6;20;88
08/01/2026;2200 UTC;,2;20,3;90
08/01/2026;2300 UTC;,8;20;94
09/01/2026;0000 UTC;1,8;20,4;95
09/01/2026;0100 UTC;,8;20,8;95
09/01/2026;0200 UTC;,2;20,7;95
09/01/2026;0300 UTC;0;20,3;94
09/01/2026;0400 UTC;0;20,5;96
09/01/2026;0500 UTC;0;19,9;95
09/01/2026;0600 UTC;,2;20,5;96
09/01/2026;0700 UTC;0;20,4;96
09/01/2026;0800 UTC;0;20,2;95
09/01/2026;0900 UTC;0;20;93
09/01/2026;1000 UTC;0;22,7;81
09/01/2026;1100 UTC;,2;24,4;74
09/01/2026;1200 UTC;0;25,1;70
09/01/2026;1300 UTC;0;27,5;61
09/01/2026;1400 UTC;0;29,5;51
09/01/2026;1500 UTC;0;31,6;44
09/01/2026;1600 UTC;0;31,8;43
09/01/2026;1700 UTC;0;26,9;76
09/01/2026;1800 UTC;0;24,9;83
09/01/2026;1900 UTC;0;24,9;82
09/01/2026;2000 UTC;0;23,8;85
09/01/2026;2100 UTC;,8;22,8;91
09/01/2026;2200 UTC;0;22,5;92
09/01/2026;2300 UTC;0;22;92
10/01/2026;0000 UTC;0;21,9;91
10/01/2026;0100 UTC;0;21,4;93
10/01/2026;0200 UTC;0;20,8;95
10/01/2026;0300 UTC;0;20,7;96
10/01/2026;0400 UTC;0;20,8;94
10/01/2026;0500 UTC;0;20,6;88
10/01/2026;0600 UTC;0;20,7;88
10/01/2026;0700 UTC;0;20,8;87
10/01/2026;0800 UTC;0;20,2;91
10/01/2026;0900 UTC;0;21,2;87
10/01/2026;1000 UTC;0;23,2;78
10/01/2026;1100 UTC;0;26,2;63
10/01/2026;1200 UTC;0;28;55
10/01/2026;1300 UTC;,2;29,7;50
10/01/2026;1400 UTC;0;31,4;48
10/01/2026;1500 UTC;0;32,2;44
10/01/2026;1600 UTC;0;33,5;43
10/01/2026;1700 UTC;0;32,9;40
10/01/2026;1800 UTC;0;34;37
10/01/2026;1900 UTC;0;28,3;75
10/01/2026;2000 UTC;0;26,3;72
10/01/2026;2100 UTC;17;21,3;92
10/01/2026;2200 UTC;1,6;21,7;86
10/01/2026;2300 UTC;0;21,7;82
11/01/2026;0000 UTC;2;21,7;88
11/01/2026;0100 UTC;1,6;21,8;92
11/01/2026;0200 UTC;1;21,1;96
11/01/2026;0300 UTC;0;21,2;97
11/01/2026;0400 UTC;0;21,4;97
11/01/2026;0500 UTC;0;21,3;97
11/01/2026;0600 UTC;0;21,2;97
11/01/2026;0700 UTC;0;21,3;97
11/01/2026;0800 UTC;0;21,4;97
11/01/2026;0900 UTC;0;20,7;97
11/01/2026;1000 UTC;0;22,2;95
11/01/2026;1100 UTC;0;24,9;74
11/01/2026;1200 UTC;0;26,3;65
11/01/2026;1300 UTC;,2;29,5;53
11/01/2026;1400 UTC;0;30,5;48
11/01/2026;1500 UTC;0;31,8;43
11/01/2026;1600 UTC;0;32,3;45
11/01/2026;1700 UTC;0;33,2;40
11/01/2026;1800 UTC;0;33,4;37
11/01/2026;1900 UTC;0;33,6;36
11/01/2026;2000 UTC;0;32,3;35
11/01/2026;2100 UTC;0;27,5;69
11/01/2026;2200 UTC;0;26;77
11/01/2026;2300 UTC;0;24,9;87
12/01/2026;0000 UTC;0;24,1;91
12/01/2026;0100 UTC;0;23,6;89
12/01/2026;0200 UTC;0;22,8;91
12/01/2026;0300 UTC;0;22,7;90
12/01/2026;0400 UTC;0;22,3;89
12/01/2026;0500 UTC;0;22,2;88
12/01/2026;0600 UTC;0;22,2;95
12/01/2026;0700 UTC;0;22,4;86
12/01/2026;0800 UTC;0;22,9;74
12/01/2026;0900 UTC;0;23,3;71
12/01/2026;1000 UTC;0;25,1;64
12/01/2026;1100 UTC;0;26,8;54
12/01/2026;1200 UTC;0;29,3;50
12/01/2026;1300 UTC;0;31,5;39
12/01/2026;1400 UTC;0;31,5;39
12/01/2026;1500 UTC;0;32,3;38
12/01/2026;1600 UTC;0;33,6;34
12/01/2026;1700 UTC;0;32,4;37
12/01/2026;1800 UTC;0;32,7;37
12/01/2026;1900 UTC;0;26;78
12/01/2026;2000 UTC;0;25,4;79
12/01/2026;2100 UTC;0;25,4;80
12/01/2026;2200 UTC;0;24,9;82
12/01/2026;2300 UTC;0;24,6;79
13/01/2026;0000 UTC;0;24,6;79
13/01/2026;0100 UTC;0;23,2;89
13/01/2026;0200 UTC;0;22,9;90
13/01/2026;0300 UTC;0;22,6;91
13/01/2026;0400 UTC;0;22;93
13/01/2026;0500 UTC;0;21,9;94
13/01/2026;0600 UTC;,2;21,8;93
13/01/2026;0700 UTC;,2;21,8;94
13/01/2026;0800 UTC;0;22,2;92
13/01/2026;0900 UTC;,2;20,9;87
13/01/2026;1000 UTC;0;20,5;83
13/01/2026;1100 UTC;1;19,3;93
13/01/2026;1200 UTC;,4;19,9;92
13/01/2026;1300 UTC;,4;21,2;88
13/01/2026;1400 UTC;0;21,9;83
13/01/2026;1500 UTC;0;24,1;70
13/01/2026;1600 UTC;0;26,6;61
13/01/2026;1700 UTC;,2;29,6;51
13/01/2026;1800 UTC;0;31;45
13/01/2026;1900 UTC;0;30,9;41
13/01/2026;2000 UTC;0;29,9;47
13/01/2026;2100 UTC;0;23,6;85
13/01/2026;2200 UTC;0;22,7;88
13/01/2026;2300 UTC;0;22,7;87
14/01/2026;0000 UTC;0;20,5;81
14/01/2026;0100 UTC;0;20,8;87
14/01/2026;0200 UTC;,6;20,2;90
14/01/2026;0300 UTC;0;20;91
14/01/2026;0400 UTC;0;20,5;86
14/01/2026;0500 UTC;0;20,2;87
14/01/2026;0600 UTC;0;19,4;89
14/01/2026;0700 UTC;0;19;92
14/01/2026;0800 UTC;0;18,9;93
14/01/2026;0900 UTC;0;19,5;93
14/01/2026;1000 UTC;0;21,6;80
14/01/2026;1100 UTC;0;23;72
14/01/2026;1200 UTC;0;25,2;62
14/01/2026;1300 UTC;0;27,3;57
14/01/2026;1400 UTC;,2;28,9;51
14/01/2026;1500 UTC;0;29,1;50
14/01/2026;1600 UTC;0;29,6;47
14/01/2026;1700 UTC;0;26,1;69
14/01/2026;1800 UTC;0;23,2;82
14/01/2026;1900 UTC;0;22,6;84
14/01/2026;2000 UTC;0;21,3;87
14/01/2026;2100 UTC;1,4;20,9;94
14/01/2026;2200 UTC;1,4;21,4;95
14/01/2026;2300 UTC;3,2;20,6;92
15/01/2026;0000 UTC;,6;20,4;94
15/01/2026;0100 UTC;,2;20,4;91
15/01/2026;0200 UTC;0;20,8;89
15/01/2026;0300 UTC;0;20,8;87
15/01/2026;0400 UTC;0;20,5;87
15/01/2026;0500 UTC;0;20,4;87
15/01/2026;0600 UTC;0;19,9;90
15/01/2026;0700 UTC;0;19,6;92
15/01/2026;0800 UTC;0;19,5;92
15/01/2026;0900 UTC;0;19,5;93
15/01/2026;1000 UTC;0;21,4;85
15/01/2026;1100 UTC;0;23;74
15/01/2026;1200 UTC;0;25,7;67
15/01/2026;1300 UTC;0;25,9;62
15/01/2026;1400 UTC;0;27,4;59
15/01/2026;1500 UTC;0;27,4;60
15/01/2026;1600 UTC;0;27,8;56
15/01/2026;1700 UTC;0;29,6;49
15/01/2026;1800 UTC;0;29,9;47
15/01/2026;1900 UTC;12,4;20,2;93
15/01/2026;2000 UTC;15,6;20,2;94
15/01/2026;2100 UTC;25,2;19,5;97
15/01/2026;2200 UTC;3,6;19,8;96
15/01/2026;2300 UTC;4,6;20,2;96
16/01/2026;0000 UTC;4,2;19,8;96
16/01/2026;0100 UTC;2,6;19,7;94
16/01/2026;0200 UTC;,4;19,4;95
16/01/2026;0300 UTC;0;19,6;95
16/01/2026;0400 UTC;0;19,5;95
16/01/2026;0500 UTC;,2;19,3;96
16/01/2026;0600 UTC;0;19,3;97
16/01/2026;0700 UTC;0;18,8;96
16/01/2026;0800 UTC;0;18,9;97
16/01/2026;0900 UTC;0;18,7;97
16/01/2026;1000 UTC;0;19,9;97
16/01/2026;1100 UTC;0;22,2;81
16/01/2026;1200 UTC;0;23,1;76
16/01/2026;1300 UTC;0;24,9;70
16/01/2026;1400 UTC;0;27,6;59
16/01/2026;1500 UTC;0;28,2;53
16/01/2026;1600 UTC;0;28,3;56
16/01/2026;1700 UTC;0;28,6;54
16/01/2026;1800 UTC;0;26;67
16/01/2026;1900 UTC;2,6;22,9;86
16/01/2026;2000 UTC;,4;22,1;89
16/01/2026;2100 UTC;12,4;20,4;95
16/01/2026;2200 UTC;6,4;20,2;96
16/01/2026;2300 UTC;1,4;20;97
17/01/2026;0000 UTC;,2;20;97
17/01/2026;0100 UTC;,2;20,6;95
17/01/2026;0200 UTC;0;20,4;95
17/01/2026;0300 UTC;0;20,2;95
17/01/2026;0400 UTC;,6;19,7;96
17/01/2026;0500 UTC;0;19,7;96
17/01/2026;0600 UTC;0;19,5;96
17/01/2026;0700 UTC;0;19,5;96
17/01/2026;0800 UTC;0;19,3;96
17/01/2026;0900 UTC;0;19,1;97
17/01/2026;1000 UTC;0;20,4;95
17/01/2026;1100 UTC;0;23,1;75
17/01/2026;1200 UTC;0;25,1;69
17/01/2026;1300 UTC;0;25;66
17/01/2026;1400 UTC;,2;26,1;65
17/01/2026;1500 UTC;0;26,6;63
17/01/2026;1600 UTC;0;27,6;58
17/01/2026;1700 UTC;0;28;59
17/01/2026;1800 UTC;0;27,8;58
17/01/2026;1900 UTC;0;27,9;58
17/01/2026;2000 UTC;0;23,8;84
17/01/2026;2100 UTC;6,8;22,2;94
17/01/2026;2200 UTC;4,4;20;92
17/01/2026;2300 UTC;5;20,4;95
18/01/2026;0000 UTC;1,2;20,2;96
18/01/2026;0100 UTC;0;20,4;96
18/01/2026;0200 UTC;0;21,2;96
18/01/2026;0300 UTC;0;20,7;91
18/01/2026;0400 UTC;1,2;20,1;94
18/01/2026;0500 UTC;,8;20,1;95
18/01/2026;0600 UTC;0;20;95
18/01/2026;0700 UTC;0;20;96
18/01/2026;0800 UTC;0;19,9;94
18/01/2026;0900 UTC;0;19,7;95
18/01/2026;1000 UTC;0;21;88
18/01/2026;1100 UTC;0;23;81
18/01/2026;1200 UTC;0;24,4;76
18/01/2026;1300 UTC;0;26,2;67
18/01/2026;1400 UTC;0;26,1;69
18/01/2026;1500 UTC;,2;26,3;65
18/01/2026;1600 UTC;0;27,7;62
18/01/2026;1700 UTC;0;27,5;63
18/01/2026;1800 UTC;0;26,1;67
18/01/2026;1900 UTC;0;25,3;73
18/01/2026;2000 UTC;0;23,6;83
18/01/2026;2100 UTC;0;22,8;91
18/01/2026;2200 UTC;0;22,2;91
18/01/2026;2300 UTC;0;22;93
19/01/2026;0000 UTC;0;21,8;92
19/01/2026;0100 UTC;0;21,7;90
19/01/2026;0200 UTC;0;22,3;85
19/01/2026;0300 UTC;0;22,1;86
19/01/2026;0400 UTC;0;22;89
19/01/2026;0500 UTC;5,4;20,1;95
19/01/2026;0600 UTC;1,2;20;96
19/01/2026;0700 UTC;,6;19,6;96
19/01/2026;0800 UTC;0;19,7;95
19/01/2026;0900 UTC;0;20,1;91
19/01/2026;1000 UTC;0;20,6;89
19/01/2026;1100 UTC;0;21,2;86
19/01/2026;1200 UTC;0;21,3;86
19/01/2026;1300 UTC;0;22,7;81
19/01/2026;1400 UTC;0;22,7;82
19/01/2026;1500 UTC;2,2;21,4;93
19/01/2026;1600 UTC;3,4;20,7;93
19/01/2026;1700 UTC;1,2;21,3;89
19/01/2026;1800 UTC;1;20,8;93
19/01/2026;1900 UTC;,4;19,8;93
19/01/2026;2000 UTC;,6;19,7;93
19/01/2026;2100 UTC;2,4;18,9;94
19/01/2026;2200 UTC;5;18,1;94
19/01/2026;2300 UTC;,8;18,4;90
20/01/2026;0000 UTC;,2;18,2;87
20/01/2026;0100 UTC;,2;17,7;92
20/01/2026;0200 UTC;0;17,6;89
20/01/2026;0300 UTC;0;17,8;88
20/01/2026;0400 UTC;0;17,5;88
20/01/2026;0500 UTC;0;17,1;89
20/01/2026;0600 UTC;0;17,1;89
20/01/2026;0700 UTC;,4;16,5;93
20/01/2026;0800 UTC;0;16,3;92
20/01/2026;0900 UTC;0;16,3;88
20/01/2026;1000 UTC;0;16,7;85
20/01/2026;1100 UTC;0;18,5;78
20/01/2026;1200 UTC;0;18,4;73
20/01/2026;1300 UTC;0;18,7;75
20/01/2026;1400 UTC;0;19;71
20/01/2026;1500 UTC;0;19,6;73
20/01/2026;1600 UTC;0;20,6;72
20/01/2026;1700 UTC;0;20,7;69
20/01/2026;1800 UTC;0;20,1;75
20/01/2026;1900 UTC;,6;17,2;91
20/01/2026;2000 UTC;,2;16,8;93
20/01/2026;2100 UTC;0;16,4;90
20/01/2026;2200 UTC;0;16,6;86
20/01/2026;2300 UTC;0;16,5;88
21/01/2026;0000 UTC;0;16,6;88
21/01/2026;0100 UTC;0;16,5;87
21/01/2026;0200 UTC;0;16,4;89
21/01/2026;0300 UTC;0;16,1;88
21/01/2026;0400 UTC;0;16;87
21/01/2026;0500 UTC;0;16,2;91
21/01/2026;0600 UTC;0;15,9;90
21/01/2026;0700 UTC;0;15,6;93
21/01/2026;0800 UTC;,2;15,6;94
21/01/2026;0900 UTC;,2;15,5;96
21/01/2026;1000 UTC;,2;15,4;95
21/01/2026;1100 UTC;0;16;93
21/01/2026;1200 UTC;0;16,7;86
21/01/2026;1300 UTC;0;17,2;83
21/01/2026;1400 UTC;0;16,3;90
21/01/2026;1500 UTC;,4;17,9;77
21/01/2026;1600 UTC;0;18,9;73
21/01/2026;1700 UTC;0;18,3;75
21/01/2026;1800 UTC;0;17,5;79
21/01/2026;1900 UTC;0;17,6;82
21/01/2026;2000 UTC;0;17,1;83
21/01/2026;2100 UTC;0;17,4;81
21/01/2026;2200 UTC;0;17,1;84
21/01/2026;2300 UTC;0;17;88
22/01/2026;0000 UTC;0;16,9;87
22/01/2026;0100 UTC;0;17;82
22/01/2026;0200 UTC;0;16,6;88
22/01/2026;0300 UTC;0;16,5;89
22/01/2026;0400 UTC;0;16,3;89
22/01/2026;0500 UTC;0;16,3;90
22/01/2026;0600 UTC;0;16,3;91
22/01/2026;0700 UTC;0;16,7;88
22/01/2026;0800 UTC;0;16,7;87
22/01/2026;0900 UTC;0;16,8;88
22/01/2026;1000 UTC;0;17,4;88
22/01/2026;1100 UTC;0;17,5;91
22/01/2026;1200 UTC;0;18,3;86
22/01/2026;1300 UTC;0;18,6;87
22/01/2026;1400 UTC;0;18,1;91
22/01/2026;1500 UTC;0;17,9;93
22/01/2026;1600 UTC;,2;18,8;87
22/01/2026;1700 UTC;,2;17,3;93
22/01/2026;1800 UTC;,2;17,3;90
22/01/2026;1900 UTC;0;17,7;82
22/01/2026;2000 UTC;0;17,8;83
22/01/2026;2100 UTC;0;17,4;84
22/01/2026;2200 UTC;,2;16,4;91
22/01/2026;2300 UTC;0;16,7;90
23/01/2026;0000 UTC;0;16,6;91
23/01/2026;0100 UTC;0;16,3;87
23/01/2026;0200 UTC;0;15,9;92
23/01/2026;0300 UTC;0;16;94
23/01/2026;0400 UTC;0;16,3;94
23/01/2026;0500 UTC;0;16,3;96
23/01/2026;0600 UTC;,2;16,2;97
23/01/2026;0700 UTC;0;16,3;97
23/01/2026;0800 UTC;0;17;97
23/01/2026;0900 UTC;,2;17;97
23/01/2026;1000 UTC;,2;17,5;97
23/01/2026;1100 UTC;0;18,2;97
23/01/2026;1200 UTC;0;20,2;86
23/01/2026;1300 UTC;0;19,3;90
23/01/2026;1400 UTC;,4;21,1;83
23/01/2026;1500 UTC;0;21,7;84
23/01/2026;1600 UTC;0;22,2;76
23/01/2026;1700 UTC;0;22,3;76
23/01/2026;1800 UTC;0;23,4;69
23/01/2026;1900 UTC;0;21,3;77
23/01/2026;2000 UTC;0;19,8;86
23/01/2026;2100 UTC;0;19;91
23/01/2026;2200 UTC;,2;18,3;94
23/01/2026;2300 UTC;0;18,3;92
24/01/2026;0000 UTC;0;18,5;91
24/01/2026;0100 UTC;0;18,7;91
24/01/2026;0200 UTC;0;18,4;91
24/01/2026;0300 UTC;0;18,4;93
24/01/2026;0400 UTC;,2;18,5;95
24/01/2026;0500 UTC;0;18,4;92
24/01/2026;0600 UTC;0;18,3;93
24/01/2026;0700 UTC;0;18,3;91
24/01/2026;0800 UTC;0;18;92
24/01/2026;0900 UTC;0;18,3;92
24/01/2026;1000 UTC;0;18,5;93
24/01/2026;1100 UTC;0;18,2;92
24/01/2026;1200 UTC;0;19,8;84
24/01/2026;1300 UTC;0;22,2;77
24/01/2026;1400 UTC;0;22,7;72
24/01/2026;1500 UTC;0;23;71
24/01/2026;1600 UTC;0;23,5;70
24/01/2026;1700 UTC;,2;22,6;75
24/01/2026;1800 UTC;,2;21,1;88
24/01/2026;1900 UTC;0;22,6;80
24/01/2026;2000 UTC;0;21,1;83
24/01/2026;2100 UTC;0;19,9;91
24/01/2026;2200 UTC;0;19,3;95
24/01/2026;2300 UTC;,2;19;96
25/01/2026;0000 UTC;0;19,1;95
25/01/2026;0100 UTC;1,4;19;96
25/01/2026;0200 UTC;1,4;19,2;96
25/01/2026;0300 UTC;0;18,9;96
25/01/2026;0400 UTC;0;18,8;95
25/01/2026;0500 UTC;0;18,5;95
25/01/2026;0600 UTC;0;18,4;96
25/01/2026;0700 UTC;0;18,6;95
25/01/2026;0800 UTC;0;18,7;95
25/01/2026;0900 UTC;0;18,9;95
25/01/2026;1000 UTC;0;19,3;95
25/01/2026;1100 UTC;0;20,6;90
25/01/2026;1200 UTC;0;22;85
25/01/2026;1300 UTC;0;22,6;78
25/01/2026;1400 UTC;0;23,9;71
25/01/2026;1500 UTC;0;24,9;71
25/01/2026;1600 UTC;0;25,8;73
25/01/2026;1700 UTC;0;25,1;74
25/01/2026;1800 UTC;0;22,4;84
25/01/2026;1900 UTC;0;21,4;86
25/01/2026;2000 UTC;0;21;89
25/01/2026;2100 UTC;0;21;85
25/01/2026;2200 UTC;,6;20,1;95
25/01/2026;2300 UTC;,2;19,8;94
26/01/2026;0000 UTC;0;19,8;92
26/01/2026;0100 UTC;0;19,7;89
26/01/2026;0200 UTC;0;19,8;87
26/01/2026;0300 UTC;0;19,9;88
26/01/2026;0400 UTC;0;19;92
26/01/2026;0500 UTC;0;18,4;94
26/01/2026;0600 UTC;0;17,8;94
26/01/2026;0700 UTC;0;17,4;95
26/01/2026;0800 UTC;0;17,6;96
26/01/2026;0900 UTC;0;17,7;96
26/01/2026;1000 UTC;0;21;81
26/01/2026;1100 UTC;0;22;75
26/01/2026;1200 UTC;0;23,4;70
26/01/2026;1300 UTC;0;24,7;67
26/01/2026;1400 UTC;0;25,5;66
26/01/2026;1500 UTC;,2;24,4;68
26/01/2026;1600 UTC;0;25;72
26/01/2026;1700 UTC;0;25;70
26/01/2026;1800 UTC;0;24,5;74
26/01/2026;1900 UTC;0;24,7;78
26/01/2026;2000 UTC;0;23,2;79
26/01/2026;2100 UTC;0;21,9;87
26/01/2026;2200 UTC;0;20,9;91
26/01/2026;2300 UTC;0;21;90
27/01/2026;0000 UTC;0;20,8;89
27/01/2026;0100 UTC;0;20,3;90
27/01/2026;0200 UTC;0;19,5;92
27/01/2026;0300 UTC;0;19,3;93
27/01/2026;0400 UTC;0;18,9;94
27/01/2026;0500 UTC;0;19,1;96
27/01/2026;0600 UTC;0;19,1;96
27/01/2026;0700 UTC;0;19;96
27/01/2026;0800 UTC;0;18,6;96
27/01/2026;0900 UTC;0;18,9;96
27/01/2026;1000 UTC;0;20,6;85
27/01/2026;1100 UTC;0;22,4;79
27/01/2026;1200 UTC;0;23,8;72
27/01/2026;1300 UTC;0;25,8;66
27/01/2026;1400 UTC;0;27,2;57
27/01/2026;1500 UTC;0;27,4;57
27/01/2026;1600 UTC;0;28,3;55
27/01/2026;1700 UTC;0;26;74
27/01/2026;1800 UTC;0;23,8;81
27/01/2026;1900 UTC;0;22;92
27/01/2026;2000 UTC;0;23,4;80
27/01/2026;2100 UTC;0;22,5;84
27/01/2026;2200 UTC;0;21,7;88
27/01/2026;2300 UTC;0;21,4;90
28/01/2026;0000 UTC;0;20,6;92
28/01/2026;0100 UTC;0;20,4;94
28/01/2026;0200 UTC;0;20,7;92
28/01/2026;0300 UTC;0;20,8;90
28/01/2026;0400 UTC;0;20,3;93
28/01/2026;0500 UTC;0;19,8;94
28/01/2026;0600 UTC;,2;19,4;95
28/01/2026;0700 UTC;0;19,2;96
28/01/2026;0800 UTC;0;19,1;96
28/01/2026;0900 UTC;0;19,3;94
28/01/2026;1000 UTC;0;21,3;84
28/01/2026;1100 UTC;0;23,6;75
28/01/2026;1200 UTC;0;25,6;64
28/01/2026;1300 UTC;0;26,7;60
28/01/2026;1400 UTC;0;28,9;58
28/01/2026;1500 UTC;0;29,1;57
28/01/2026;1600 UTC;0;30,7;49
28/01/2026;1700 UTC;0;26,4;74
28/01/2026;1800 UTC;4,6;20,3;89
28/01/2026;1900 UTC;0;22;86
28/01/2026;2000 UTC;0;22,7;90
28/01/2026;2100 UTC;0;22,5;89
28/01/2026;2200 UTC;0;21,9;88
28/01/2026;2300 UTC;0;21,1;91
29/01/2026;0000 UTC;0;21,3;78
29/01/2026;0100 UTC;0;21,2;83
29/01/2026;0200 UTC;0;20;89
29/01/2026;0300 UTC;0;19;92
29/01/2026;0400 UTC;0;18,5;94
29/01/2026;0500 UTC;0;18,4;95
29/01/2026;0600 UTC;0;18,1;95
29/01/2026;0700 UTC;0;17,9;95
29/01/2026;0800 UTC;,2;17,7;95
29/01/2026;0900 UTC;0;17,6;96
29/01/2026;1000 UTC;0;21,1;82
29/01/2026;1100 UTC;0;21,8;76
29/01/2026;1200 UTC;0;24,1;69
29/01/2026;1300 UTC;0;25,7;67
29/01/2026;1400 UTC;0;28,2;53
29/01/2026;1500 UTC;,2;29,2;54
29/01/2026;1600 UTC;0;29,4;55
29/01/2026;1700 UTC;0;30,7;56
29/01/2026;1800 UTC;0;30,5;49
29/01/2026;1900 UTC;0;28,1;53
29/01/2026;2000 UTC;0;23,5;79
29/01/2026;2100 UTC;3;20,7;90
29/01/2026;2200 UTC;0;20,2;91
29/01/2026;2300 UTC;0;20,5;94
30/01/2026;0000 UTC;0;20,9;93
30/01/2026;0100 UTC;0;21,2;93
30/01/2026;0200 UTC;4,8;18,8;93
30/01/2026;0300 UTC;13,6;18,4;96
30/01/2026;0400 UTC;4,4;18,8;96
30/01/2026;0500 UTC;,8;18,8;96
30/01/2026;0600 UTC;,2;18,7;96
30/01/2026;0700 UTC;0;18,4;97
30/01/2026;0800 UTC;0;18,6;97
30/01/2026;0900 UTC;0;18,4;97
30/01/2026;1000 UTC;0;19,1;97
30/01/2026;1100 UTC;0;21,1;85
30/01/2026;1200 UTC;0;22,3;76
30/01/2026;1300 UTC;0;22,3;78
30/01/2026;1400 UTC;,2;21,3;86
30/01/2026;1500 UTC;1;21,5;88
30/01/2026;1600 UTC;0;23,3;78
30/01/2026;1700 UTC;0;24,1;74
30/01/2026;1800 UTC;0;26,2;65
30/01/2026;1900 UTC;0;25,7;64
30/01/2026;2000 UTC;,6;19,4;86
30/01/2026;2100 UTC;,8;19,5;89
30/01/2026;2200 UTC;0;18,8;93
30/01/2026;2300 UTC;0;18,7;95
31/01/2026;0000 UTC;0;18,7;96
31/01/2026;0100 UTC;0;18,5;96
31/01/2026;0200 UTC;0;18,8;96
31/01/2026;0300 UTC;0;18,4;95
31/01/2026;0400 UTC;0;18,1;96
31/01/2026;0500 UTC;0;18,9;96
31/01/2026;0600 UTC;0;18,1;95
31/01/2026;0700 UTC;0;18,2;95
31/01/2026;0800 UTC;0;17,9;96
31/01/2026;0900 UTC;0;18,4;96
31/01/2026;1000 UTC;,2;19,5;94
31/01/2026;1100 UTC;0;20,5;88
31/01/2026;1200 UTC;0;22,6;76
31/01/2026;1300 UTC;0;22,6;77
31/01/2026;1400 UTC;0;24,8;71
31/01/2026;1500 UTC;0;25,4;68
31/01/2026;1600 UTC;0;25,7;66
31/01/2026;1700 UTC;0;27,8;59
31/01/2026;1800 UTC;0;27,6;57
31/01/2026;1900 UTC;0;28,4;54
31/01/2026;2000 UTC;0;27,8;56
31/01/2026;2100 UTC;0;26,9;58
31/01/2026;2200 UTC;0;24,8;66
31/01/2026;2300 UTC;0;23,4;72
01/02/2026;0000 UTC;0;23,1;72
01/02/2026;0100 UTC;0;22,5;77
01/02/2026;0200 UTC;0;22,1;84
01/02/2026;0300 UTC;0;21,5;87
01/02/2026;0400 UTC;0;22,1;83
01/02/2026;0500 UTC;0;21,7;86
01/02/2026;0600 UTC;0;21,8;86
01/02/2026;0700 UTC;0;21,2;88
01/02/2026;0800 UTC;0;21,1;89
01/02/2026;0900 UTC;0;21,2;88
01/02/2026;1000 UTC;0;23,1;81
01/02/2026;1100 UTC;0;24,3;78
01/02/2026;1200 UTC;0;24,9;76
01/02/2026;1300 UTC;0;25,8;70
01/02/2026;1400 UTC;,2;25,5;73
01/02/2026;1500 UTC;0;27,2;68
01/02/2026;1600 UTC;0;26,2;68
01/02/2026;1700 UTC;48,8;19,5;96
01/02/2026;1800 UTC;6,4;21,9;97
01/02/2026;1900 UTC;0;22,3;87
01/02/2026;2000 UTC;1;21,2;90
01/02/2026;2100 UTC;2,6;20,8;95
01/02/2026;2200 UTC;,2;20,3;94
01/02/2026;2300 UTC;0;20,1;94
02/02/2026;0000 UTC;0;20,3;93
02/02/2026;0100 UTC;0;20,3;92
02/02/2026;0200 UTC;0;20;94
02/02/2026;0300 UTC;0;19,1;96
02/02/2026;0400 UTC;0;19,2;96
02/02/2026;0500 UTC;0;19,4;97
02/02/2026;0600 UTC;0;19,4;97
02/02/2026;0700 UTC;0;19,7;97
02/02/2026;0800 UTC;0;20,1;97
02/02/2026;0900 UTC;0;20;97
02/02/2026;1000 UTC;0;20,6;97
02/02/2026;1100 UTC;0;20,8;94
02/02/2026;1200 UTC;0;21,5;93
02/02/2026;1300 UTC;0;22,9;85
02/02/2026;1400 UTC;0;23,6;78
02/02/2026;1500 UTC;0;24,5;75
02/02/2026;1600 UTC;0;26,5;68
02/02/2026;1700 UTC;0;25,7;67
02/02/2026;1800 UTC;,4;23,3;83
02/02/2026;1900 UTC;0;23,7;83
02/02/2026;2000 UTC;0;23,9;76
02/02/2026;2100 UTC;0;23,5;79
02/02/2026;2200 UTC;0;22,1;84
02/02/2026;2300 UTC;0;21,7;87
03/02/2026;0000 UTC;0;21,3;93
03/02/2026;0100 UTC;0;21,2;94
03/02/2026;0200 UTC;0;21,2;94
03/02/2026;0300 UTC;0;21,4;89
03/02/2026;0400 UTC;0;21,3;88
03/02/2026;0500 UTC;0;21,3;88
03/02/2026;0600 UTC;0;21;91
03/02/2026;0700 UTC;0;21,3;91
03/02/2026;0800 UTC;0;21;92
03/02/2026;0900 UTC;0;21;92
03/02/2026;1000 UTC;0;21,6;91
03/02/2026;1100 UTC;0;23,2;85
03/02/2026;1200 UTC;0;24;80
03/02/2026;1300 UTC;0;26;74
03/02/2026;1400 UTC;0;24,5;85
03/02/2026;1500 UTC;,2;25,3;73
03/02/2026;1600 UTC;,8;23;88
03/02/2026;1700 UTC;1,6;24,3;84
03/02/2026;1800 UTC;0;26,9;67
03/02/2026;1900 UTC;,2;26,8;70
03/02/2026;2000 UTC;0;23,5;85
03/02/2026;2100 UTC;1,4;22,1;90
03/02/2026;2200 UTC;4,8;21,2;94
03/02/2026;2300 UTC;,6;20,9;95
04/02/2026;0000 UTC;1;20,7;96
04/02/2026;0100 UTC;1,8;20,4;96
04/02/2026;0200 UTC;0;20,6;96
04/02/2026;0300 UTC;0;20,5;96
04/02/2026;0400 UTC;4,8;20,5;96
04/02/2026;0500 UTC;4,2;20;96
04/02/2026;0600 UTC;,6;20,3;97
04/02/2026;0700 UTC;,4;20,6;97
04/02/2026;0800 UTC;0;20,7;97
04/02/2026;0900 UTC;0;20,9;96
04/02/2026;1000 UTC;0;21,4;96
04/02/2026;1100 UTC;0;22,8;89
04/02/2026;1200 UTC;0;23,6;87
04/02/2026;1300 UTC;,2;24;83
04/02/2026;1400 UTC;0;26,2;73
04/02/2026;1500 UTC;0;26,6;69
04/02/2026;1600 UTC;0;27,5;68
04/02/2026;1700 UTC;0;24;82
04/02/2026;1800 UTC;0;25,6;75
04/02/2026;1900 UTC;1,6;22,6;88
04/02/2026;2000 UTC;0;23,7;81
04/02/2026;2100 UTC;0;23;83
04/02/2026;2200 UTC;0;22;88
04/02/2026;2300 UTC;0;21,8;90
05/02/2026;0000 UTC;,2;20,8;93
05/02/2026;0100 UTC;,4;20,6;94
05/02/2026;0200 UTC;,2;20,7;95
05/02/2026;0300 UTC;,2;20,5;96
05/02/2026;0400 UTC;,2;20,3;96
05/02/2026;0500 UTC;,2;20,2;96
05/02/2026;0600 UTC;0;19,8;95
05/02/2026;0700 UTC;0;19,7;96
05/02/2026;0800 UTC;0;19,8;96
05/02/2026;0900 UTC;0;19,9;96
05/02/2026;1000 UTC;0;20,6;95
05/02/2026;1100 UTC;0;21,2;93
05/02/2026;1200 UTC;0;22,8;85
05/02/2026;1300 UTC;0;22,9;83
05/02/2026;1400 UTC;0;23,5;79
05/02/2026;1500 UTC;0;22,8;85
05/02/2026;1600 UTC;0;25;77
05/02/2026;1700 UTC;0;24,6;70
05/02/2026;1800 UTC;,2;24;79
05/02/2026;1900 UTC;0;22,8;82
05/02/2026;2000 UTC;0;21,9;85
05/02/2026;2100 UTC;0;21,5;86
05/02/2026;2200 UTC;0;21,1;87
05/02/2026;2300 UTC;0;20,8;90
06/02/2026;0000 UTC;0;20,2;91
06/02/2026;0100 UTC;0;20;91
06/02/2026;0200 UTC;0;19,8;92
06/02/2026;0300 UTC;0;19,7;94
06/02/2026;0400 UTC;0;20;94
06/02/2026;0500 UTC;0;19,9;94
06/02/2026;0600 UTC;0;20,1;94
06/02/2026;0700 UTC;0;19,9;94
06/02/2026;0800 UTC;0;19,5;94
06/02/2026;0900 UTC;0;19,3;96
06/02/2026;1000 UTC;0;19,6;96
06/02/2026;1100 UTC;0;20,7;91
06/02/2026;1200 UTC;0;23;78
06/02/2026;1300 UTC;0;22,9;82
06/02/2026;1400 UTC;0;24,6;75
06/02/2026;1500 UTC;0;26,2;71
06/02/2026;1600 UTC;0;27,4;66
06/02/2026;1700 UTC;0;25,9;77
06/02/2026;1800 UTC;0;24,2;83
06/02/2026;1900 UTC;0;22;92
06/02/2026;2000 UTC;0;22,4;88
06/02/2026;2100 UTC;0;21,8;91
06/02/2026;2200 UTC;0;21,6;91
06/02/2026;2300 UTC;0;21,5;92
07/02/2026;0000 UTC;0;21,7;89
07/02/2026;0100 UTC;0;21,5;92
07/02/2026;0200 UTC;0;21,2;93
07/02/2026;0300 UTC;0;21,6;91
07/02/2026;0400 UTC;0;21,6;92
07/02/2026;0500 UTC;0;21,1;94
07/02/2026;0600 UTC;0;21,5;94
07/02/2026;0700 UTC;0;21,5;92
07/02/2026;0800 UTC;0;21,1;94
07/02/2026;0900 UTC;0;20,9;95
07/02/2026;1000 UTC;0;21,5;95
07/02/2026;1100 UTC;0;22,3;91
07/02/2026;1200 UTC;0;23;87
07/02/2026;1300 UTC;0;22,9;86
07/02/2026;1400 UTC;0;23,7;83
07/02/2026;1500 UTC;0;23,7;86
07/02/2026;1600 UTC;4,8;24,5;90
07/02/2026;1700 UTC;0;25,4;77
07/02/2026;1800 UTC;0;23,5;87
07/02/2026;1900 UTC;1,6;22,2;94
07/02/2026;2000 UTC;1,4;21,7;96
07/02/2026;2100 UTC;,4;21,2;95
07/02/2026;2200 UTC;0;20,9;96
07/02/2026;2300 UTC;0;21,1;96
08/02/2026;0000 UTC;0;21;96
08/02/2026;0100 UTC;,8;20,6;96
08/02/2026;0200 UTC;,2;20,2;94
08/02/2026;0300 UTC;0;20,3;95
08/02/2026;0400 UTC;0;20;93
08/02/2026;0500 UTC;0;19,7;95
08/02/2026;0600 UTC;,2;19,6;95
08/02/2026;0700 UTC;0;19,3;94
08/02/2026;0800 UTC;0;19,1;96
08/02/2026;0900 UTC;,2;19,1;96
08/02/2026;1000 UTC;0;20,4;94
08/02/2026;1100 UTC;0;22,6;79
08/02/2026;1200 UTC;0;22,6;82
08/02/2026;1300 UTC;0;23,5;77
08/02/2026;1400 UTC;0;24,1;71
08/02/2026;1500 UTC;0;24,8;66
08/02/2026;1600 UTC;0;24,3;73
08/02/2026;1700 UTC;0;24,4;71
08/02/2026;1800 UTC;0;22,6;76
08/02/2026;1900 UTC;0;20,8;84
08/02/2026;2000 UTC;0;21,2;82
08/02/2026;2100 UTC;0;21;84
08/02/2026;2200 UTC;0;20,4;87
08/02/2026;2300 UTC;0;20,2;88
09/02/2026;0000 UTC;0;20,4;88
09/02/2026;0100 UTC;0;20,3;89
09/02/2026;0200 UTC;0;20;90
09/02/2026;0300 UTC;0;19,8;89
09/02/2026;0400 UTC;0;19,9;91
09/02/2026;0500 UTC;0;19,7;91
09/02/2026;0600 UTC;0;19,4;93
09/02/2026;0700 UTC;0;19,5;91
09/02/2026;0800 UTC;0;19,2;91
09/02/2026;0900 UTC;0;19,5;89
09/02/2026;1000 UTC;0;20,1;88
09/02/2026;1100 UTC;0;20,7;88
09/02/2026;1200 UTC;0;21,5;81
09/02/2026;1300 UTC;0;22,5;77
09/02/2026;1400 UTC;0;22,6;77
09/02/2026;1500 UTC;0;23,3;76
09/02/2026;1600 UTC;0;23,8;74
09/02/2026;1700 UTC;0;23,8;75
09/02/2026;1800 UTC;0;22,6;79
09/02/2026;1900 UTC;,2;21,6;89
09/02/2026;2000 UTC;,4;21;93
09/02/2026;2100 UTC;1,4;20,2;94
09/02/2026;2200 UTC;1;19,9;95
09/02/2026;2300 UTC;0;19,7;95
10/02/2026;0000 UTC;,2;19,9;95
10/02/2026;0100 UTC;0;19,8;93
10/02/2026;0200 UTC;,2;19,3;92
10/02/2026;0300 UTC;0;19,3;92
10/02/2026;0400 UTC;0;19;91
10/02/2026;0500 UTC;0;19,1;93
10/02/2026;0600 UTC;0;19,2;93
10/02/2026;0700 UTC;,6;19;93
10/02/2026;0800 UTC;1,2;18,8;95
10/02/2026;0900 UTC;1,2;19;95
10/02/2026;1000 UTC;,4;19,4;95
10/02/2026;1100 UTC;,8;19,8;94
10/02/2026;1200 UTC;0;20,7;87
10/02/2026;1300 UTC;0;22,6;79
10/02/2026;1400 UTC;0;24,6;74
10/02/2026;1500 UTC;0;24,5;68
10/02/2026;1600 UTC;0;24,1;73
10/02/2026;1700 UTC;0;24,9;70
10/02/2026;1800 UTC;,2;25,7;68
10/02/2026;1900 UTC;0;24;75
10/02/2026;2000 UTC;0;24,3;75
10/02/2026;2100 UTC;0;23,8;82
10/02/2026;2200 UTC;0;22,5;82
10/02/2026;2300 UTC;0;21,6;94
11/02/2026;0000 UTC;4,2;21,3;92
11/02/2026;0100 UTC;,6;20,4;95
11/02/2026;0200 UTC;0;20,4;96
11/02/2026;0300 UTC;0;20,6;96
11/02/2026;0400 UTC;1;20,3;97
11/02/2026;0500 UTC;1,2;20,2;97
11/02/2026;0600 UTC;1;20,1;97
11/02/2026;0700 UTC;1,4;20,1;96
11/02/2026;0800 UTC;3,2;20,1;96
11/02/2026;0900 UTC;,4;20,1;95
11/02/2026;1000 UTC;0;20,3;94
11/02/2026;1100 UTC;0;21,1;90
11/02/2026;1200 UTC;,2;22,8;82
11/02/2026;1300 UTC;0;23,6;77
11/02/2026;1400 UTC;0;24,5;72
11/02/2026;1500 UTC;0;25,9;64
11/02/2026;1600 UTC;0;26,7;63
11/02/2026;1700 UTC;0;27,5;63
11/02/2026;1800 UTC;0;26,8;63
11/02/2026;1900 UTC;0;25,7;65
11/02/2026;2000 UTC;0;25,3;69
11/02/2026;2100 UTC;0;24,8;71
11/02/2026;2200 UTC;0;23,5;77
11/02/2026;2300 UTC;0;23,2;78
12/02/2026;0000 UTC;0;23,3;77
12/02/2026;0100 UTC;0;22,6;81
12/02/2026;0200 UTC;0;22,2;85
12/02/2026;0300 UTC;0;22,5;85
12/02/2026;0400 UTC;0;22,1;87
12/02/2026;0500 UTC;0;22,3;81
12/02/2026;0600 UTC;0;22,2;83
12/02/2026;0700 UTC;0;21,6;87
12/02/2026;0800 UTC;0;21,4;89
12/02/2026;0900 UTC;0;21,6;87
12/02/2026;1000 UTC;0;22,3;85
12/02/2026;1100 UTC;0;23,6;78
12/02/2026;1200 UTC;0;25,6;71
12/02/2026;1300 UTC;0;27,5;63
12/02/2026;1400 UTC;0;29,7;62
12/02/2026;1500 UTC;0;29,9;56
12/02/2026;1600 UTC;0;29,9;53
12/02/2026;1700 UTC;0;31,6;49
12/02/2026;1800 UTC;0;30,5;55
12/02/2026;1900 UTC;0;27,3;64
12/02/2026;2000 UTC;0;26,8;65
12/02/2026;2100 UTC;0;26,1;64
12/02/2026;2200 UTC;0;24;82
12/02/2026;2300 UTC;0;23,9;82
13/02/2026;0000 UTC;0;23,3;88
13/02/2026;0100 UTC;0;22,9;86
13/02/2026;0200 UTC;0;22,6;87
13/02/2026;0300 UTC;0;23;87
13/02/2026;0400 UTC;0;23,4;81
13/02/2026;0500 UTC;0;23;81
13/02/2026;0600 UTC;0;22,6;81
13/02/2026;0700 UTC;0;22,4;83
13/02/2026;0800 UTC;0;22,5;82
13/02/2026;0900 UTC;0;22,4;82
13/02/2026;1000 UTC;0;24,1;79
13/02/2026;1100 UTC;0;26;67
13/02/2026;1200 UTC;0;28,1;59
13/02/2026;1300 UTC;0;29,8;53
13/02/2026;1400 UTC;0;31;50
13/02/2026;1500 UTC;0;31,2;47
13/02/2026;1600 UTC;0;32,2;49
13/02/2026;1700 UTC;0;32,5;44
13/02/2026;1800 UTC;0;32,7;48
13/02/2026;1900 UTC;0;30,3;63
13/02/2026;2000 UTC;7,8;23,6;90
13/02/2026;2100 UTC;0;25;83
13/02/2026;2200 UTC;0;25;79
13/02/2026;2300 UTC;9,2;21,5;89
14/02/2026;0000 UTC;,4;21,1;95
14/02/2026;0100 UTC;0;21,3;93
14/02/2026;0200 UTC;,2;21,7;95
14/02/2026;0300 UTC;0;22,1;83
14/02/2026;0400 UTC;0;21,3;92
14/02/2026;0500 UTC;0;21,1;94
14/02/2026;0600 UTC;0;21,3;93
14/02/2026;0700 UTC;0;21;95
14/02/2026;0800 UTC;0;21,1;95
14/02/2026;0900 UTC;0;21;94
14/02/2026;1000 UTC;0;21,2;92
14/02/2026;1100 UTC;0;21,3;92
14/02/2026;1200 UTC;0;22,3;89
14/02/2026;1300 UTC;0;23;86
14/02/2026;1400 UTC;0;23,9;83
14/02/2026;1500 UTC;0;22,4;91
14/02/2026;1600 UTC;0;24,4;81
14/02/2026;1700 UTC;0;24,9;77
14/02/2026;1800 UTC;0;24,1;78
14/02/2026;1900 UTC;0;23,8;80
14/02/2026;2000 UTC;0;23,1;83
14/02/2026;2100 UTC;0;22,9;86
14/02/2026;2200 UTC;0;22,3;87
14/02/2026;2300 UTC;0;21,6;89
15/02/2026;0000 UTC;0;21,3;90
15/02/2026;0100 UTC;0;21,1;90
15/02/2026;0200 UTC;0;20,8;87
15/02/2026;0300 UTC;0;20,8;90
15/02/2026;0400 UTC;0;20,9;89
15/02/2026;0500 UTC;0;20,6;92
15/02/2026;0600 UTC;0;20,4;95
15/02/2026;0700 UTC;0;21;91
15/02/2026;0800 UTC;0;20,5;94
15/02/2026;0900 UTC;0;20,3;93
15/02/2026;1000 UTC;0;22,1;87
15/02/2026;1100 UTC;0;23,3;78
15/02/2026;1200 UTC;0;24,5;72
15/02/2026;1300 UTC;0;25,8;63
15/02/2026;1400 UTC;0;27,1;54
15/02/2026;1500 UTC;0;28,1;48
15/02/2026;1600 UTC;0;28,5;52
15/02/2026;1700 UTC;0;28,9;54
15/02/2026;1800 UTC;0;28,3;60
15/02/2026;1900 UTC;0;27,2;70
15/02/2026;2000 UTC;0;25,3;71
15/02/2026;2100 UTC;0;23,8;78
15/02/2026;2200 UTC;0;22,4;85
15/02/2026;2300 UTC;0;21,5;86
16/02/2026;0000 UTC;0;21,4;88
16/02/2026;0100 UTC;0;21,3;87
16/02/2026;0200 UTC;0;21;89
16/02/2026;0300 UTC;0;20,5;92
16/02/2026;0400 UTC;0;20,4;91
16/02/2026;0500 UTC;0;19,8;93
16/02/2026;0600 UTC;0;19,5;94
16/02/2026;0700 UTC;0;19,4;95
16/02/2026;0800 UTC;0;19,5;95
16/02/2026;0900 UTC;0;19,7;91
16/02/2026;1000 UTC;0;22,2;80
16/02/2026;1100 UTC;0;24,2;75
16/02/2026;1200 UTC;0;25,5;69
16/02/2026;1300 UTC;0;27;61
16/02/2026;1400 UTC;0;29,7;55
16/02/2026;1500 UTC;0;31,2;50
16/02/2026;1600 UTC;0;31,5;42
16/02/2026;1700 UTC;0;32,8;37
16/02/2026;1800 UTC;0;29;69
16/02/2026;1900 UTC;0;27,2;74
16/02/2026;2000 UTC;0;26,2;77
16/02/2026;2100 UTC;0;26,1;79
16/02/2026;2200 UTC;0;25,3;67
16/02/2026;2300 UTC;0;23,1;74
17/02/2026;0000 UTC;0;23,9;72
17/02/2026;0100 UTC;0;22,9;79
17/02/2026;0200 UTC;0;23;87
17/02/2026;0300 UTC;0;22,9;85
17/02/2026;0400 UTC;0;22,5;90
17/02/2026;0500 UTC;0;22,8;80
17/02/2026;0600 UTC;0;22;83
17/02/2026;0700 UTC;0;22,2;80
17/02/2026;0800 UTC;0;22;82
17/02/2026;0900 UTC;0;21,7;89
17/02/2026;1000 UTC;0;23,8;75
17/02/2026;1100 UTC;0;24,9;72
17/02/2026;1200 UTC;0;26,6;66
17/02/2026;1300 UTC;0;29,6;55
17/02/2026;1400 UTC;0;28,3;59
17/02/2026;1500 UTC;0;28,3;63
17/02/2026;1600 UTC;0;28,9;61
17/02/2026;1700 UTC;0;31,7;47
17/02/2026;1800 UTC;0;32,3;41
17/02/2026;1900 UTC;0;30,8;46
17/02/2026;2000 UTC;0;29,8;55
17/02/2026;2100 UTC;0;28;54
17/02/2026;2200 UTC;1,8;22,9;83
17/02/2026;2300 UTC;7,8;20,8;94
18/02/2026;0000 UTC;0;20,9;96
18/02/2026;0100 UTC;0;21,6;96
18/02/2026;0200 UTC;0;21,1;97
18/02/2026;0300 UTC;0;21,1;93
18/02/2026;0400 UTC;0;20,8;95
18/02/2026;0500 UTC;0;20,6;94
18/02/2026;0600 UTC;0;20,3;94
18/02/2026;0700 UTC;,2;20,2;96
18/02/2026;0800 UTC;0;20;96
18/02/2026;0900 UTC;0;20,1;93
18/02/2026;1000 UTC;0;22,3;88
18/02/2026;1100 UTC;0;23,8;78
18/02/2026;1200 UTC;0;25,7;72
18/02/2026;1300 UTC;0;27,4;66
18/02/2026;1400 UTC;,2;27,5;63
18/02/2026;1500 UTC;0;28,4;61
18/02/2026;1600 UTC;0;28,6;61
18/02/2026;1700 UTC;0;27,3;64
18/02/2026;1800 UTC;0;26,5;68
18/02/2026;1900 UTC;0;27,3;63
18/02/2026;2000 UTC;0;27,7;62
18/02/2026;2100 UTC;0;24,8;82
18/02/2026;2200 UTC;0;24;82
18/02/2026;2300 UTC;0;22,9;89
19/02/2026;0000 UTC;0;22,3;89
19/02/2026;0100 UTC;0;22;89
19/02/2026;0200 UTC;0;21,5;91
19/02/2026;0300 UTC;0;21;94
19/02/2026;0400 UTC;0;21;93
19/02/2026;0500 UTC;0;21,4;93
19/02/2026;0600 UTC;0;21,2;93
19/02/2026;0700 UTC;0;20,5;95
19/02/2026;0800 UTC;0;20,6;95
19/02/2026;0900 UTC;0;20,8;94
19/02/2026;1000 UTC;0;22;86
19/02/2026;1100 UTC;0;22,5;85
19/02/2026;1200 UTC;0;24,4;75
19/02/2026;1300 UTC;0;24,8;71
19/02/2026;1400 UTC;0;24,9;77
19/02/2026;1500 UTC;0;26,4;71
19/02/2026;1600 UTC;5;22,4;89
19/02/2026;1700 UTC;,8;24,8;84
19/02/2026;1800 UTC;0;23,1;84
19/02/2026;1900 UTC;0;23,3;82
19/02/2026;2000 UTC;0;22,9;83
19/02/2026;2100 UTC;0;22;87
19/02/2026;2200 UTC;0;21,3;87
19/02/2026;2300 UTC;0;20,8;82
20/02/2026;0000 UTC;0;20,5;89
20/02/2026;0100 UTC;0;20,2;88
20/02/2026;0200 UTC;0;20,4;88
20/02/2026;0300 UTC;0;20,7;89
20/02/2026;0400 UTC;0;20,6;89
20/02/2026;0500 UTC;0;19,9;90
20/02/2026;0600 UTC;0;20;89
20/02/2026;0700 UTC;0;19,6;92
20/02/2026;0800 UTC;0;19,2;94
20/02/2026;0900 UTC;0;18,8;95
20/02/2026;1000 UTC;0;20,9;87
20/02/2026;1100 UTC;0;21,9;81
20/02/2026;1200 UTC;0;23,1;77
20/02/2026;1300 UTC;0;24,3;73
20/02/2026;1400 UTC;0;26,5;66
20/02/2026;1500 UTC;,2;29,2;57
20/02/2026;1600 UTC;0;30,4;45
20/02/2026;1700 UTC;0;31;44
20/02/2026;1800 UTC;0;27,5;72
20/02/2026;1900 UTC;0;26,3;79
20/02/2026;2000 UTC;0;24,4;83
20/02/2026;2100 UTC;0;23,4;83
20/02/2026;2200 UTC;0;22,4;88
20/02/2026;2300 UTC;0;22,2;88
21/02/2026;0000 UTC;0;22,2;89
21/02/2026;0100 UTC;0;22;90
21/02/2026;0200 UTC;0;22,2;90
21/02/2026;0300 UTC;0;21,7;89
21/02/2026;0400 UTC;0;21,4;91
21/02/2026;0500 UTC;0;20,9;93
21/02/2026;0600 UTC;0;20,9;94
21/02/2026;0700 UTC;0;21,2;94
21/02/2026;0800 UTC;0;20,9;92
21/02/2026;0900 UTC;0;21,4;85
21/02/2026;1000 UTC;0;21,9;86
21/02/2026;1100 UTC;0;23,3;81
21/02/2026;1200 UTC;0;24,2;76
21/02/2026;1300 UTC;0;24;80
21/02/2026;1400 UTC;0;24,3;79
21/02/2026;1500 UTC;0;25;76
21/02/2026;1600 UTC;0;25,1;71
21/02/2026;1700 UTC;0;24,6;74
21/02/2026;1800 UTC;0;24;78
21/02/2026;1900 UTC;0;23,7;80
21/02/2026;2000 UTC;0;23;84
21/02/2026;2100 UTC;0;21,9;91
21/02/2026;2200 UTC;0;21,5;92
21/02/2026;2300 UTC;0;21,2;93
22/02/2026;0000 UTC;0;21,2;94
22/02/2026;0100 UTC;,6;20,7;93
22/02/2026;0200 UTC;3,4;19,8;95
22/02/2026;0300 UTC;6,4;19,8;95
22/02/2026;0400 UTC;0;20,1;93
22/02/2026;0500 UTC;0;20,3;94
22/02/2026;0600 UTC;,6;20,2;95
22/02/2026;0700 UTC;0;20;95
22/02/2026;0800 UTC;0;19,8;96
22/02/2026;0900 UTC;,2;20;95
22/02/2026;1000 UTC;0;20,4;94
22/02/2026;1100 UTC;0;21,3;91
22/02/2026;1200 UTC;0;22;86
22/02/2026;1300 UTC;0;22,4;83
22/02/2026;1400 UTC;,4;22,4;89
22/02/2026;1500 UTC;0;22;90
22/02/2026;1600 UTC;7;21;95
22/02/2026;1700 UTC;3;21;94
22/02/2026;1800 UTC;0;22,2;87
22/02/2026;1900 UTC;0;22,4;83
22/02/2026;2000 UTC;0;21,4;90
22/02/2026;2100 UTC;,8;20,7;95
22/02/2026;2200 UTC;0;20,4;96
22/02/2026;2300 UTC;,6;20,6;95
23/02/2026;0000 UTC;3;20,6;95
23/02/2026;0100 UTC;3,6;20,4;96
23/02/2026;0200 UTC;1,6;20,4;95
23/02/2026;0300 UTC;,4;20,3;95
23/02/2026;0400 UTC;,8;20,2;95
23/02/2026;0500 UTC;0;20,3;96
23/02/2026;0600 UTC;,2;20,3;95
23/02/2026;0700 UTC;0;20,2;95
23/02/2026;0800 UTC;0;20,2;94
23/02/2026;0900 UTC;0;20;95
23/02/2026;1000 UTC;0;20,9;95
23/02/2026;1100 UTC;0;21,2;91
23/02/2026;1200 UTC;0;22,1;85
23/02/2026;1300 UTC;0;22,5;84
23/02/2026;1400 UTC;0;22,8;81
23/02/2026;1500 UTC;0;23,8;81
23/02/2026;1600 UTC;0;23,9;79
23/02/2026;1700 UTC;0;24,1;77
23/02/2026;1800 UTC;0;23,1;82
23/02/2026;1900 UTC;0;22,6;82
23/02/2026;2000 UTC;0;22,3;83
23/02/2026;2100 UTC;0;21,9;84
23/02/2026;2200 UTC;0;20,6;93
23/02/2026;2300 UTC;0;20,7;93
24/02/2026;0000 UTC;,2;20,4;95
24/02/2026;0100 UTC;0;20,4;95
24/02/2026;0200 UTC;0;20,4;95
24/02/2026;0300 UTC;0;20,4;95
24/02/2026;0400 UTC;0;20,3;95
24/02/2026;0500 UTC;,2;20,4;93
24/02/2026;0600 UTC;0;20,3;94
24/02/2026;0700 UTC;0;20,4;94
24/02/2026;0800 UTC;0;20,4;93
24/02/2026;0900 UTC;0;20,4;92
24/02/2026;1000 UTC;0;20,8;93
24/02/2026;1100 UTC;0;22,1;84
24/02/2026;1200 UTC;0;23,2;79
24/02/2026;1300 UTC;0;24,9;73
24/02/2026;1400 UTC;0;25,1;70
24/02/2026;1500 UTC;,2;26,4;67
24/02/2026;1600 UTC;0;25,6;73
24/02/2026;1700 UTC;0;24,8;81
24/02/2026;1800 UTC;,8;22,8;89
24/02/2026;1900 UTC;6,4;22,3;94
24/02/2026;2000 UTC;,2;21,9;94
24/02/2026;2100 UTC;,2;22;93
24/02/2026;2200 UTC;0;21,8;93
24/02/2026;2300 UTC;0;21,2;90
25/02/2026;0000 UTC;0;20,9;94
25/02/2026;0100 UTC;0;20,8;95
25/02/2026;0200 UTC;0;20,9;95
25/02/2026;0300 UTC;0;20,7;95
25/02/2026;0400 UTC;0;20,7;96
25/02/2026;0500 UTC;0;20,8;96
25/02/2026;0600 UTC;0;20,6;95
25/02/2026;0700 UTC;0;20,4;96
25/02/2026;0800 UTC;0;20;96
25/02/2026;0900 UTC;0;20,5;97
25/02/2026;1000 UTC;0;21,4;96
25/02/2026;1100 UTC;0;22,2;93
25/02/2026;1200 UTC;0;23,8;81
25/02/2026;1300 UTC;0;24,5;78
25/02/2026;1400 UTC;0;26,1;69
25/02/2026;1500 UTC;0;26,8;67
25/02/2026;1600 UTC;0;28;62
25/02/2026;1700 UTC;,2;28,1;67
25/02/2026;1800 UTC;0;29,2;59
25/02/2026;1900 UTC;0;25,1;83
25/02/2026;2000 UTC;0;23,7;87
25/02/2026;2100 UTC;7,2;22,4;95
25/02/2026;2200 UTC;,6;22,2;95
25/02/2026;2300 UTC;0;22,1;95
26/02/2026;0000 UTC;0;21,7;95
26/02/2026;0100 UTC;,2;21,3;95
26/02/2026;0200 UTC;0;20,8;93
26/02/2026;0300 UTC;0;20,7;95
26/02/2026;0400 UTC;0;20,7;94
26/02/2026;0500 UTC;0;20,8;95
26/02/2026;0600 UTC;,4;20,6;96
26/02/2026;0700 UTC;,2;20,6;96
26/02/2026;0800 UTC;0;20,6;95
26/02/2026;0900 UTC;0;20,6;94
26/02/2026;1000 UTC;0;20,4;95
26/02/2026;1100 UTC;,2;21;96
26/02/2026;1200 UTC;,2;21,5;94
26/02/2026;1300 UTC;,4;21,7;94
26/02/2026;1400 UTC;0;22;89
26/02/2026;1500 UTC;0;22,8;83
26/02/2026;1600 UTC;0;21,4;90
26/02/2026;1700 UTC;0;22,4;80
26/02/2026;1800 UTC;0;21,8;86
26/02/2026;1900 UTC;,8;21;93
26/02/2026;2000 UTC;,4;20,4;95
26/02/2026;2100 UTC;2,6;20,1;95
26/02/2026;2200 UTC;,8;19,9;95
26/02/2026;2300 UTC;1;19,8;96
27/02/2026;0000 UTC;4,2;19,7;96
27/02/2026;0100 UTC;3,4;19,8;96
27/02/2026;0200 UTC;1,8;20;96
27/02/2026;0300 UTC;,8;19,8;96
27/02/2026;0400 UTC;,2;19,7;95
27/02/2026;0500 UTC;0;19,6;95
27/02/2026;0600 UTC;0;19,4;94
27/02/2026;0700 UTC;0;19;94
27/02/2026;0800 UTC;0;18,7;93
27/02/2026;0900 UTC;0;18,4;94
27/02/2026;1000 UTC;0;18,5;94
27/02/2026;1100 UTC;0;19,1;91
27/02/2026;1200 UTC;,2;18,6;94
27/02/2026;1300 UTC;0;18,9;90
27/02/2026;1400 UTC;0;19,8;86
27/02/2026;1500 UTC;,6;18,9;90
27/02/2026;1600 UTC;0;19,2;89
27/02/2026;1700 UTC;0;19,9;86
27/02/2026;1800 UTC;0;20,2;85
27/02/2026;1900 UTC;0;19,7;86
27/02/2026;2000 UTC;,8;17,5;94
27/02/2026;2100 UTC;0;18,3;91
27/02/2026;2200 UTC;0;17,8;92
27/02/2026;2300 UTC;0;18;92
28/02/2026;0000 UTC;0;18;91
28/02/2026;0100 UTC;0;17,9;92
28/02/2026;0200 UTC;0;17,7;93
28/02/2026;0300 UTC;0;17,2;94
28/02/2026;0400 UTC;0;16,7;95
28/02/2026;0500 UTC;,2;16,5;96
28/02/2026;0600 UTC;0;16,3;96
28/02/2026;0700 UTC;0;16;96
28/02/2026;0800 UTC;0;16,5;96
28/02/2026;0900 UTC;0;16,7;96
28/02/2026;1000 UTC;0;16,6;95
28/02/2026;1100 UTC;0;18,1;91
28/02/2026;1200 UTC;0;20,2;70
28/02/2026;1300 UTC;0;20,9;62
28/02/2026;1400 UTC;0;21,7;62
28/02/2026;1500 UTC;0;22,1;57
28/02/2026;1600 UTC;,2;22,6;56
28/02/2026;1700 UTC;0;22;63
28/02/2026;1800 UTC;0;20,8;76
28/02/2026;1900 UTC;0;20,9;75
28/02/2026;2000 UTC;0;20,5;74
28/02/2026;2100 UTC;0;19,4;78
28/02/2026;2200 UTC;0;17,9;90
28/02/2026;2300 UTC;0;18,3;88
01/03/2026;0000 UTC;0;17,9;91
01/03/2026;0100 UTC;1;17,8;94
01/03/2026;0200 UTC;0;17,7;90
01/03/2026;0300 UTC;0;17,8;92
01/03/2026;0400 UTC;0;17,8;91
01/03/2026;0500 UTC;0;17,3;92
01/03/2026;0600 UTC;0;16,9;94
01/03/2026;0700 UTC;0;16,8;94
01/03/2026;0800 UTC;0;16,2;95
01/03/2026;0900 UTC;0;16;95
01/03/2026;1000 UTC;0;16,2;95
01/03/2026;1100 UTC;0;18,6;83
01/03/2026;1200 UTC;0;20;74
01/03/2026;1300 UTC;0;20,8;69
01/03/2026;1400 UTC;0;20,4;65
01/03/2026;1500 UTC;0;21,4;58
01/03/2026;1600 UTC;,2;21,7;68
01/03/2026;1700 UTC;0;20,8;71
01/03/2026;1800 UTC;0;19,9;74
01/03/2026;1900 UTC;0;20,3;67
01/03/2026;2000 UTC;0;19,9;68
01/03/2026;2100 UTC;0;19,4;71
01/03/2026;2200 UTC;0;18,3;79
01/03/2026;2300 UTC;0;17,5;85
02/03/2026;0000 UTC;0;17,3;86
02/03/2026;0100 UTC;0;17,7;85
02/03/2026;0200 UTC;0;17,5;88
02/03/2026;0300 UTC;0;17,1;90
02/03/2026;0400 UTC;0;16,9;89
02/03/2026;0500 UTC;0;16,8;91
02/03/2026;0600 UTC;0;16,3;93
02/03/2026;0700 UTC;0;16,6;92
02/03/2026;0800 UTC;0;16,3;93
02/03/2026;0900 UTC;0;16,4;94
02/03/2026;1000 UTC;0;18,8;88
02/03/2026;1100 UTC;0;18,5;84
02/03/2026;1200 UTC;0;19,5;77
02/03/2026;1300 UTC;0;20,1;78
02/03/2026;1400 UTC;0;20,6;76
02/03/2026;1500 UTC;0;21,3;74
02/03/2026;1600 UTC;0;22,4;70
02/03/2026;1700 UTC;0;21,8;70
02/03/2026;1800 UTC;0;20,8;74
02/03/2026;1900 UTC;0;21,6;70
02/03/2026;2000 UTC;0;20,8;72
02/03/2026;2100 UTC;0;19,5;76
02/03/2026;2200 UTC;0;18,2;85
02/03/2026;2300 UTC;0;17,8;88
03/03/2026;0000 UTC;0;17,5;90
03/03/2026;0100 UTC;0;17,5;90
03/03/2026;0200 UTC;0;17,8;89
03/03/2026;0300 UTC;0;17,5;88
03/03/2026;0400 UTC;0;16,9;90
03/03/2026;0500 UTC;0;16,8;92
03/03/2026;0600 UTC;0;17;92
03/03/2026;0700 UTC;0;17,1;92
03/03/2026;0800 UTC;0;17;94
03/03/2026;0900 UTC;0;17,2;93
03/03/2026;1000 UTC;0;17,9;91
03/03/2026;1100 UTC;0;18,4;90
03/03/2026;1200 UTC;0;19,2;86
03/03/2026;1300 UTC;0;20,4;80
03/03/2026;1400 UTC;0;20,6;77
03/03/2026;1500 UTC;0;21,3;77
03/03/2026;1600 UTC;0;22,8;72
03/03/2026;1700 UTC;0;23,2;69
03/03/2026;1800 UTC;0;23,7;72
03/03/2026;1900 UTC;0;22,7;71
03/03/2026;2000 UTC;0;20,9;76
03/03/2026;2100 UTC;0;20,3;77
03/03/2026;2200 UTC;0;19,3;86
03/03/2026;2300 UTC;0;18,6;90
04/03/2026;0000 UTC;0;18,4;90
04/03/2026;0100 UTC;0;18,1;92
04/03/2026;0200 UTC;0;17,8;92
04/03/2026;0300 UTC;0;17,7;92
04/03/2026;0400 UTC;0;17,3;94
04/03/2026;0500 UTC;0;17,2;95
04/03/2026;0600 UTC;0;17,4;96
04/03/2026;0700 UTC;0;17,5;93
04/03/2026;0800 UTC;0;17;94
04/03/2026;0900 UTC;0;17,4;96
04/03/2026;1000 UTC;0;18,8;88
04/03/2026;1100 UTC;0;20,1;81
04/03/2026;1200 UTC;0;21,5;75
04/03/2026;1300 UTC;0;21,8;73
04/03/2026;1400 UTC;0;23,4;66
04/03/2026;1500 UTC;0;24;60
04/03/2026;1600 UTC;0;23,9;61
04/03/2026;1700 UTC;0;23,3;67
04/03/2026;1800 UTC;0;24,1;70
04/03/2026;1900 UTC;0;22,8;69
04/03/2026;2000 UTC;0;22;72
04/03/2026;2100 UTC;0;20,6;80
04/03/2026;2200 UTC;0;19,9;87
04/03/2026;2300 UTC;0;19,1;88
05/03/2026;0000 UTC;0;18,7;90
05/03/2026;0100 UTC;0;18,7;92
05/03/2026;0200 UTC;0;18,6;93
05/03/2026;0300 UTC;0;18,6;92
05/03/2026;0400 UTC;0;19;92
05/03/2026;0500 UTC;0;18,6;93
05/03/2026;0600 UTC;0;18,1;94
05/03/2026;0700 UTC;0;18,3;95
05/03/2026;0800 UTC;0;18,7;95
05/03/2026;0900 UTC;,2;18,8;93
05/03/2026;1000 UTC;0;19,2;92
05/03/2026;1100 UTC;0;20,5;86
05/03/2026;1200 UTC;0;21,1;81
05/03/2026;1300 UTC;0;22,3;77
05/03/2026;1400 UTC;0;23,3;75
05/03/2026;1500 UTC;0;24,4;70
05/03/2026;1600 UTC;0;25,2;65
05/03/2026;1700 UTC;0;25,6;66
05/03/2026;1800 UTC;0;24,1;74
05/03/2026;1900 UTC;0;23,7;74
05/03/2026;2000 UTC;0;22,4;80
05/03/2026;2100 UTC;0;21,3;85
05/03/2026;2200 UTC;0;21;88
05/03/2026;2300 UTC;0;20,8;92
06/03/2026;0000 UTC;0;20,6;90
06/03/2026;0100 UTC;0;20,9;90
06/03/2026;0200 UTC;0;20,9;91
06/03/2026;0300 UTC;0;20,7;91
06/03/2026;0400 UTC;0;20,9;90
06/03/2026;0500 UTC;0;20,6;92
06/03/2026;0600 UTC;0;20,4;92
06/03/2026;0700 UTC;0;20,4;91
06/03/2026;0800 UTC;0;20,6;91
06/03/2026;0900 UTC;0;20,8;91
06/03/2026;1000 UTC;0;21,2;89
06/03/2026;1100 UTC;0;22,3;85
06/03/2026;1200 UTC;0;23,5;77
06/03/2026;1300 UTC;0;25,6;70
06/03/2026;1400 UTC;0;25,5;71
06/03/2026;1500 UTC;0;26,5;70
06/03/2026;1600 UTC;0;24,7;79
06/03/2026;1700 UTC;7,4;22,2;94
06/03/2026;1800 UTC;11;21,6;96
06/03/2026;1900 UTC;4,4;21,8;96
06/03/2026;2000 UTC;1;21,3;96
06/03/2026;2100 UTC;0;21,2;97
06/03/2026;2200 UTC;0;21,3;96
06/03/2026;2300 UTC;0;21,4;96
07/03/2026;0000 UTC;0;21,4;95
07/03/2026;0100 UTC;0;20,8;95
07/03/2026;0200 UTC;0;20,9;95
07/03/2026;0300 UTC;0;21;96
07/03/2026;0400 UTC;0;21;96
07/03/2026;0500 UTC;0;21,1;96
07/03/2026;0600 UTC;0;20,9;96
07/03/2026;0700 UTC;0;20,9;96
07/03/2026;0800 UTC;0;21;96
07/03/2026;0900 UTC;0;21,2;94
07/03/2026;1000 UTC;0;21,7;91
07/03/2026;1100 UTC;0;22,4;90
07/03/2026;1200 UTC;0;24,1;83
07/03/2026;1300 UTC;0;23,7;82
07/03/2026;1400 UTC;0;24,3;82
07/03/2026;1500 UTC;0;25,1;76
07/03/2026;1600 UTC;0;25,7;75
07/03/2026;1700 UTC;0;28,8;67
07/03/2026;1800 UTC;0;27,1;71
07/03/2026;1900 UTC;0;24,3;75
07/03/2026;2000 UTC;18,6;20,2;96
07/03/2026;2100 UTC;7,2;20;94
07/03/2026;2200 UTC;2,2;20;93
07/03/2026;2300 UTC;3,6;19,3;94
08/03/2026;0000 UTC;2,4;19,3;95
08/03/2026;0100 UTC;,6;19,3;96
08/03/2026;0200 UTC;,6;19,2;96
08/03/2026;0300 UTC;0;19,1;97
08/03/2026;0400 UTC;0;19,2;97
08/03/2026;0500 UTC;0;19;97
08/03/2026;0600 UTC;0;18,6;97
08/03/2026;0700 UTC;0;18,6;97
08/03/2026;0800 UTC;,2;18;97
08/03/2026;0900 UTC;0;18,3;96
08/03/2026;1000 UTC;0;19;96
08/03/2026;1100 UTC;0;21,4;84
08/03/2026;1200 UTC;0;23,7;74
08/03/2026;1300 UTC;0;25,1;69
08/03/2026;1400 UTC;0;27,7;65
08/03/2026;1500 UTC;0;27,9;62
08/03/2026;1600 UTC;0;26,5;68
08/03/2026;1700 UTC;0;25,9;74
08/03/2026;1800 UTC;0;24,4;81
08/03/2026;1900 UTC;0;22,6;87
08/03/2026;2000 UTC;0;22,1;90
08/03/2026;2100 UTC;0;21,1;92
08/03/2026;2200 UTC;0;20,8;89
08/03/2026;2300 UTC;0;20,5;95
09/03/2026;0000 UTC;0;20,3;95
09/03/2026;0100 UTC;0;20,1;95
09/03/2026;0200 UTC;,6;20,1;96
09/03/2026;0300 UTC;,2;20,2;96
09/03/2026;0400 UTC;,4;19;95
09/03/2026;0500 UTC;0;19;96
09/03/2026;0600 UTC;0;18,8;94
09/03/2026;0700 UTC;0;19,3;94
09/03/2026;0800 UTC;,2;19,1;96
09/03/2026;0900 UTC;0;19,3;96
09/03/2026;1000 UTC;0;19,5;96
09/03/2026;1100 UTC;0;19,5;96
09/03/2026;1200 UTC;,4;20,1;95
09/03/2026;1300 UTC;0;20;95
09/03/2026;1400 UTC;0;20,3;93
09/03/2026;1500 UTC;,2;20,2;93
09/03/2026;1600 UTC;1,2;20,2;95
09/03/2026;1700 UTC;,6;20,4;95
09/03/2026;1800 UTC;,4;20,4;94
09/03/2026;1900 UTC;1;19,8;95
09/03/2026;2000 UTC;,4;19,6;95
09/03/2026;2100 UTC;,6;18,7;96
09/03/2026;2200 UTC;,2;18,2;93
09/03/2026;2300 UTC;,2;18,3;94
10/03/2026;0000 UTC;0;18,5;93
10/03/2026;0100 UTC;0;18,7;91
10/03/2026;0200 UTC;2,2;18,4;96
10/03/2026;0300 UTC;1,2;18,4;96
10/03/2026;0400 UTC;3,4;18,1;96
10/03/2026;0500 UTC;2,2;18,2;96
10/03/2026;0600 UTC;,6;18,3;96
10/03/2026;0700 UTC;,6;18,3;97
10/03/2026;0800 UTC;2,6;18,3;96
10/03/2026;0900 UTC;1,6;18,4;97
10/03/2026;1000 UTC;1,2;18,5;97
10/03/2026;1100 UTC;,8;18,7;96
10/03/2026;1200 UTC;0;19,1;96
10/03/2026;1300 UTC;1;19,5;96
10/03/2026;1400 UTC;2,8;19,1;96
10/03/2026;1500 UTC;3,4;19,5;96
10/03/2026;1600 UTC;,4;20;95
10/03/2026;1700 UTC;,4;20,3;94
10/03/2026;1800 UTC;,4;20,1;95
10/03/2026;1900 UTC;0;20;95
10/03/2026;2000 UTC;,2;19,8;95
10/03/2026;2100 UTC;0;19,4;95
10/03/2026;2200 UTC;,4;18,8;96
10/03/2026;2300 UTC;,2;18,7;96
11/03/2026;0000 UTC;0;18,5;96
11/03/2026;0100 UTC;0;18,5;97
11/03/2026;0200 UTC;0;18,8;97
11/03/2026;0300 UTC;0;18,9;97
11/03/2026;0400 UTC;0;18,8;95
11/03/2026;0500 UTC;0;18,9;94
11/03/2026;0600 UTC;0;18,9;95
11/03/2026;0700 UTC;0;18,9;95
11/03/2026;0800 UTC;,4;18,8;96
11/03/2026;0900 UTC;,4;18,7;97
11/03/2026;1000 UTC;0;18,8;97
11/03/2026;1100 UTC;0;19,5;96
11/03/2026;1200 UTC;0;20,3;94
11/03/2026;1300 UTC;0;21,2;87
11/03/2026;1400 UTC;0;22,6;84
11/03/2026;1500 UTC;0;22,5;79
11/03/2026;1600 UTC;,8;20,7;93
11/03/2026;1700 UTC;,2;20,5;93
11/03/2026;1800 UTC;,6;20,4;95
11/03/2026;1900 UTC;,4;20,2;95
11/03/2026;2000 UTC;1,4;20,1;96
11/03/2026;2100 UTC;0;20;96
11/03/2026;2200 UTC;,2;19,9;95
11/03/2026;2300 UTC;0;19,8;95
12/03/2026;0000 UTC;,2;19,8;95
12/03/2026;0100 UTC;0;19,6;96
12/03/2026;0200 UTC;0;19,6;95
12/03/2026;0300 UTC;0;19,4;96
12/03/2026;0400 UTC;1;19,5;96
12/03/2026;0500 UTC;2;19,3;97
12/03/2026;0600 UTC;1,8;19,2;97
12/03/2026;0700 UTC;1;19,2;97
12/03/2026;0800 UTC;,8;19,2;96
12/03/2026;0900 UTC;1,6;19,2;96
12/03/2026;1000 UTC;1,2;19,3;96
12/03/2026;1100 UTC;1,6;19,7;96
12/03/2026;1200 UTC;1,4;19,9;97
12/03/2026;1300 UTC;1,8;20,4;96
12/03/2026;1400 UTC;,2;20,5;95
12/03/2026;1500 UTC;0;21,2;90
12/03/2026;1600 UTC;0;21,4;87
12/03/2026;1700 UTC;0;21,9;83
12/03/2026;1800 UTC;0;21,6;85
12/03/2026;1900 UTC;0;21,7;87
12/03/2026;2000 UTC;0;21,6;87
12/03/2026;2100 UTC;,4;20,9;93
12/03/2026;2200 UTC;2,2;20,4;95
12/03/2026;2300 UTC;2,2;18,8;95
13/03/2026;0000 UTC;,2;17,8;95
13/03/2026;0100 UTC;0;17,8;94
13/03/2026;0200 UTC;0;18,1;95
13/03/2026;0300 UTC;,4;18,1;96
13/03/2026;0400 UTC;1;18,1;96
13/03/2026;0500 UTC;0;18,1;96
13/03/2026;0600 UTC;,2;18;96
13/03/2026;0700 UTC;0;17,9;96
13/03/2026;0800 UTC;0;17,5;97
13/03/2026;0900 UTC;0;17,8;97
13/03/2026;1000 UTC;0;18,1;97
13/03/2026;1100 UTC;0;19,3;96
13/03/2026;1200 UTC;0;20,5;86
13/03/2026;1300 UTC;0;21,6;82
13/03/2026;1400 UTC;0;21;86
13/03/2026;1500 UTC;0;22,1;79
13/03/2026;1600 UTC;0;23,8;73
13/03/2026;1700 UTC;0;22,6;82
13/03/2026;1800 UTC;0;22,7;79
13/03/2026;1900 UTC;0;22,9;81
13/03/2026;2000 UTC;0;22,2;73
13/03/2026;2100 UTC;0;21,1;80
13/03/2026;2200 UTC;0;19,8;88
13/03/2026;2300 UTC;0;19,1;91
14/03/2026;0000 UTC;0;18,8;94
14/03/2026;0100 UTC;0;18,2;95
14/03/2026;0200 UTC;0;18;96
14/03/2026;0300 UTC;0;18;97
14/03/2026;0400 UTC;0;17,8;97
14/03/2026;0500 UTC;0;17,2;97
14/03/2026;0600 UTC;0;17;97
14/03/2026;0700 UTC;0;17;97
14/03/2026;0800 UTC;0;17,3;98
14/03/2026;0900 UTC;0;17,1;98
14/03/2026;1000 UTC;,2;17,1;98
14/03/2026;1100 UTC;0;17,8;98
14/03/2026;1200 UTC;0;20,3;93
14/03/2026;1300 UTC;0;22,6;75
14/03/2026;1400 UTC;0;24,2;61
14/03/2026;1500 UTC;0;25,6;52
14/03/2026;1600 UTC;0;26,1;53
14/03/2026;1700 UTC;0;26,9;56
14/03/2026;1800 UTC;0;25,7;69
14/03/2026;1900 UTC;0;24,8;74
14/03/2026;2000 UTC;0;23,1;81
14/03/2026;2100 UTC;0;21,5;87
14/03/2026;2200 UTC;0;20,5;91
14/03/2026;2300 UTC;0;19,7;94
15/03/2026;0000 UTC;0;19,6;96
15/03/2026;0100 UTC;0;19,5;96
15/03/2026;0200 UTC;0;19,7;96
15/03/2026;0300 UTC;0;20;91
15/03/2026;0400 UTC;0;20,3;88
15/03/2026;0500 UTC;0;19,6;89
15/03/2026;0600 UTC;0;19,1;92
15/03/2026;0700 UTC;0;19,4;92
15/03/2026;0800 UTC;0;19;94
15/03/2026;0900 UTC;0;18,6;94
15/03/2026;1000 UTC;0;19,7;93
15/03/2026;1100 UTC;0;21,3;85
15/03/2026;1200 UTC;0;23,6;71
15/03/2026;1300 UTC;0;26,3;65
15/03/2026;1400 UTC;0;27,9;54
15/03/2026;1500 UTC;0;29,4;49
15/03/2026;1600 UTC;0;27,9;54
15/03/2026;1700 UTC;0;26;66
15/03/2026;1800 UTC;,2;22,2;85
15/03/2026;1900 UTC;0;23,8;81
15/03/2026;2000 UTC;0;24,8;71
15/03/2026;2100 UTC;0;24,1;83
15/03/2026;2200 UTC;0;22,4;89
15/03/2026;2300 UTC;0;22,2;81
16/03/2026;0000 UTC;0;22,1;82
16/03/2026;0100 UTC;0;21,7;85
16/03/2026;0200 UTC;0;20,6;92
16/03/2026;0300 UTC;0;21,2;85
16/03/2026;0400 UTC;0;20,3;90
16/03/2026;0500 UTC;0;20,7;86
16/03/2026;0600 UTC;0;20,1;87
16/03/2026;0700 UTC;0;19,2;91
16/03/2026;0800 UTC;0;19,3;95
16/03/2026;0900 UTC;,2;18,7;96
16/03/2026;1000 UTC;0;20,1;95
16/03/2026;1100 UTC;0;23,2;75
16/03/2026;1200 UTC;0;24,6;70
16/03/2026;1300 UTC;0;27,7;58
16/03/2026;1400 UTC;0;28,7;43
16/03/2026;1500 UTC;0;28,9;44
16/03/2026;1600 UTC;0;29,3;48
16/03/2026;1700 UTC;0;28,9;51
16/03/2026;1800 UTC;0;28,2;60
16/03/2026;1900 UTC;0;26,7;62
16/03/2026;2000 UTC;0;24,4;77
16/03/2026;2100 UTC;0;22,7;84
16/03/2026;2200 UTC;0;21,9;88
16/03/2026;2300 UTC;0;21,2;89
17/03/2026;0000 UTC;0;20,8;89
17/03/2026;0100 UTC;0;20,1;92
17/03/2026;0200 UTC;0;19,5;95
17/03/2026;0300 UTC;0;19;96
17/03/2026;0400 UTC;0;19;96
17/03/2026;0500 UTC;0;18,5;97
17/03/2026;0600 UTC;0;18,6;97
17/03/2026;0700 UTC;,2;17,9;96
17/03/2026;0800 UTC;0;17,6;96
17/03/2026;0900 UTC;0;17,8;96
17/03/2026;1000 UTC;0;19,1;96
17/03/2026;1100 UTC;0;22,3;77
17/03/2026;1200 UTC;0;24,3;68
17/03/2026;1300 UTC;0;25,7;60
17/03/2026;1400 UTC;0;27,2;52
17/03/2026;1500 UTC;0;28;57
17/03/2026;1600 UTC;0;27,6;65
17/03/2026;1700 UTC;0;26,7;70
17/03/2026;1800 UTC;0;24,5;77
17/03/2026;1900 UTC;0;22,8;85
17/03/2026;2000 UTC;0;22,4;87
17/03/2026;2100 UTC;0;21,8;86
17/03/2026;2200 UTC;0;21,3;85
17/03/2026;2300 UTC;0;20,7;87
18/03/2026;0000 UTC;0;20,1;91
18/03/2026;0100 UTC;0;19,7;94
18/03/2026;0200 UTC;0;19,6;94
18/03/2026;0300 UTC;0;19,3;95
18/03/2026;0400 UTC;0;19,5;95
18/03/2026;0500 UTC;0;19,1;96
18/03/2026;0600 UTC;0;19;96
18/03/2026;0700 UTC;0;18,9;97
18/03/2026;0800 UTC;0;18,9;97
18/03/2026;0900 UTC;0;18,4;97
18/03/2026;1000 UTC;0;19,3;97
18/03/2026;1100 UTC;0;20,4;92
18/03/2026;1200 UTC;0;22,3;83
18/03/2026;1300 UTC;,2;24,9;76
18/03/2026;1400 UTC;0;25,7;73
18/03/2026;1500 UTC;0;26,3;71
18/03/2026;1600 UTC;0;26,3;74
18/03/2026;1700 UTC;0;26,4;74
18/03/2026;1800 UTC;0;24,7;80
18/03/2026;1900 UTC;0;23,6;85
18/03/2026;2000 UTC;0;21,7;93
18/03/2026;2100 UTC;0;21,1;94
18/03/2026;2200 UTC;0;21,2;93
18/03/2026;2300 UTC;0;20,9;94
19/03/2026;0000 UTC;0;21,1;92
19/03/2026;0100 UTC;0;20,7;89
19/03/2026;0200 UTC;0;20,5;89
19/03/2026;0300 UTC;0;20,3;91
19/03/2026;0400 UTC;0;20,6;91
19/03/2026;0500 UTC;0;20,9;88
19/03/2026;0600 UTC;0;21;88
19/03/2026;0700 UTC;0;20,9;89
19/03/2026;0800 UTC;0;20,9;89
19/03/2026;0900 UTC;0;20,8;92
19/03/2026;1000 UTC;,2;21;94
19/03/2026;1100 UTC;,6;21,7;96
19/03/2026;1200 UTC;0;22,9;90
19/03/2026;1300 UTC;0;23,9;84
19/03/2026;1400 UTC;0;25,2;76
19/03/2026;1500 UTC;1,4;23,9;81
19/03/2026;1600 UTC;,4;23,6;91
19/03/2026;1700 UTC;12,2;21,1;96
19/03/2026;1800 UTC;22,2;20,3;97
19/03/2026;1900 UTC;9,2;19,9;97
19/03/2026;2000 UTC;1,6;20,6;96
19/03/2026;2100 UTC;0;20,4;95
19/03/2026;2200 UTC;0;20,1;96
19/03/2026;2300 UTC;0;19,8;96
20/03/2026;0000 UTC;0;19,5;96
20/03/2026;0100 UTC;0;19,6;95
20/03/2026;0200 UTC;0;19,1;94
20/03/2026;0300 UTC;0;19,4;94
20/03/2026;0400 UTC;0;19,5;91
20/03/2026;0500 UTC;0;19,5;91
20/03/2026;0600 UTC;0;19,2;91
20/03/2026;0700 UTC;0;18,7;93
20/03/2026;0800 UTC;0;18,1;94
20/03/2026;0900 UTC;0;18;96
20/03/2026;1000 UTC;0;18,9;92
20/03/2026;1100 UTC;0;20,2;86
20/03/2026;1200 UTC;0;21,8;80
20/03/2026;1300 UTC;0;22,1;80
20/03/2026;1400 UTC;0;23;76
20/03/2026;1500 UTC;0;24;72
20/03/2026;1600 UTC;0;23,3;72
20/03/2026;1700 UTC;,2;23,6;73
20/03/2026;1800 UTC;0;23,5;75
20/03/2026;1900 UTC;0;23,5;74
20/03/2026;2000 UTC;0;22,4;76
20/03/2026;2100 UTC;0;21,3;82
20/03/2026;2200 UTC;0;20,6;87
20/03/2026;2300 UTC;0;20,3;90
21/03/2026;0000 UTC;0;19,9;91
21/03/2026;0100 UTC;0;19,3;92
21/03/2026;0200 UTC;0;19,1;94
21/03/2026;0300 UTC;0;19,3;93
21/03/2026;0400 UTC;0;19,3;95
21/03/2026;0500 UTC;0;18,9;95
21/03/2026;0600 UTC;0;18,8;96
21/03/2026;0700 UTC;0;18,3;96
21/03/2026;0800 UTC;0;18,3;97
21/03/2026;0900 UTC;0;18,4;97
21/03/2026;1000 UTC;0;19,1;97
21/03/2026;1100 UTC;0;19,9;95
21/03/2026;1200 UTC;0;22,8;79
21/03/2026;1300 UTC;0;24,5;68
21/03/2026;1400 UTC;0;26;63
21/03/2026;1500 UTC;0;27,4;61
21/03/2026;1600 UTC;0;26,6;59
21/03/2026;1700 UTC;0;26,6;69
21/03/2026;1800 UTC;0;25,4;75
21/03/2026;1900 UTC;0;24,1;79
21/03/2026;2000 UTC;0;22,9;82
21/03/2026;2100 UTC;0;22;84
21/03/2026;2200 UTC;0;21,3;88
21/03/2026;2300 UTC;0;20,8;90
22/03/2026;0000 UTC;0;20,5;89
22/03/2026;0100 UTC;0;19,8;92
22/03/2026;0200 UTC;0;19,1;95
22/03/2026;0300 UTC;0;19,3;95
22/03/2026;0400 UTC;0;19,5;93
22/03/2026;0500 UTC;0;19,3;94
22/03/2026;0600 UTC;0;19,1;96
22/03/2026;0700 UTC;0;18,1;96
22/03/2026;0800 UTC;,2;17,9;97
22/03/2026;0900 UTC;0;17,7;97
22/03/2026;1000 UTC;0;18,2;97
22/03/2026;1100 UTC;0;19,3;97
22/03/2026;1200 UTC;0;20,7;93
22/03/2026;1300 UTC;0;21,9;84
22/03/2026;1400 UTC;0;25,6;63
22/03/2026;1500 UTC;0;26,3;56
22/03/2026;1600 UTC;0;27,8;47
22/03/2026;1700 UTC;0;27,3;52
22/03/2026;1800 UTC;0;27,8;58
22/03/2026;1900 UTC;0;26,7;66
22/03/2026;2000 UTC;0;25;66
22/03/2026;2100 UTC;0;23;76
22/03/2026;2200 UTC;0;22,1;81
22/03/2026;2300 UTC;0;21,7;79
23/03/2026;0000 UTC;0;21,1;84
23/03/2026;0100 UTC;0;20,9;87
23/03/2026;0200 UTC;0;20,6;87
23/03/2026;0300 UTC;0;20,5;88
23/03/2026;0400 UTC;0;20,5;85
23/03/2026;0500 UTC;0;19,9;83
23/03/2026;0600 UTC;0;19,2;91
23/03/2026;0700 UTC;0;19,4;94
23/03/2026;0800 UTC;0;19;94
23/03/2026;0900 UTC;0;19,1;94
23/03/2026;1000 UTC;0;20;87
23/03/2026;1100 UTC;0;21,6;70
23/03/2026;1200 UTC;0;22,9;65
23/03/2026;1300 UTC;0;24,5;61
23/03/2026;1400 UTC;0;25,1;54
23/03/2026;1500 UTC;0;25,4;54
23/03/2026;1600 UTC;0;26,3;50
23/03/2026;1700 UTC;0;27,3;40
23/03/2026;1800 UTC;0;24,8;71
23/03/2026;1900 UTC;0;23,6;74
23/03/2026;2000 UTC;0;22,5;74
23/03/2026;2100 UTC;0;21,3;81
23/03/2026;2200 UTC;0;20,7;85
23/03/2026;2300 UTC;0;20,3;88
24/03/2026;0000 UTC;0;20,1;89
24/03/2026;0100 UTC;0;19,9;91
24/03/2026;0200 UTC;0;19,3;92
24/03/2026;0300 UTC;0;18,9;94
24/03/2026;0400 UTC;0;18,7;94
24/03/2026;0500 UTC;0;18,2;96
24/03/2026;0600 UTC;0;18;96
24/03/2026;0700 UTC;0;18;94
24/03/2026;0800 UTC;0;17,7;94
24/03/2026;0900 UTC;0;17,9;95
24/03/2026;1000 UTC;,2;19,3;90
24/03/2026;1100 UTC;0;21,1;83
24/03/2026;1200 UTC;0;22,9;72
24/03/2026;1300 UTC;0;23,5;71
24/03/2026;1400 UTC;0;25;61
24/03/2026;1500 UTC;0;26,6;54
24/03/2026;1600 UTC;0;27,2;51
24/03/2026;1700 UTC;0;27,7;44
24/03/2026;1800 UTC;0;27,1;60
24/03/2026;1900 UTC;0;24,7;75
24/03/2026;2000 UTC;0;22,2;82
24/03/2026;2100 UTC;0;21,8;82
24/03/2026;2200 UTC;0;20,8;86
24/03/2026;2300 UTC;0;20,1;89
25/03/2026;0000 UTC;0;19,8;91
25/03/2026;0100 UTC;0;19,6;93
25/03/2026;0200 UTC;0;20,1;91
25/03/2026;0300 UTC;0;19,8;92
25/03/2026;0400 UTC;0;19,1;94
25/03/2026;0500 UTC;0;18,7;95
25/03/2026;0600 UTC;0;18,6;96
25/03/2026;0700 UTC;0;18,4;96
25/03/2026;0800 UTC;0;18,1;96
25/03/2026;0900 UTC;0;17,9;97
25/03/2026;1000 UTC;0;19,6;97
25/03/2026;1100 UTC;0;22,9;80
25/03/2026;1200 UTC;0;25,1;63
25/03/2026;1300 UTC;0;26,6;59
25/03/2026;1400 UTC;0;27,6;56
25/03/2026;1500 UTC;0;28,6;54
25/03/2026;1600 UTC;0;30;50
25/03/2026;1700 UTC;0;25,4;78
25/03/2026;1800 UTC;0;24,1;84
25/03/2026;1900 UTC;0;22,4;89
25/03/2026;2000 UTC;0;22,3;89
25/03/2026;2100 UTC;0;21,6;91
25/03/2026;2200 UTC;0;21,2;93
25/03/2026;2300 UTC;0;21,4;90
26/03/2026;0000 UTC;0;21;91
26/03/2026;0100 UTC;0;20,9;91
26/03/2026;0200 UTC;0;20,2;93
26/03/2026;0300 UTC;0;20,1;95
26/03/2026;0400 UTC;0;20;96
26/03/2026;0500 UTC;0;19,8;97
26/03/2026;0600 UTC;0;19,7;97
26/03/2026;0700 UTC;0;19,7;97
26/03/2026;0800 UTC;0;19,6;96
26/03/2026;0900 UTC;0;19,2;96
26/03/2026;1000 UTC;0;20,1;97
26/03/2026;1100 UTC;0;23;82
26/03/2026;1200 UTC;0;23,6;80
26/03/2026;1300 UTC;0;26,7;70
26/03/2026;1400 UTC;0;28,8;54
26/03/2026;1500 UTC;0;28,1;55
26/03/2026;1600 UTC;0;28,2;56
26/03/2026;1700 UTC;0;27,5;62
26/03/2026;1800 UTC;14,8;21,7;96
26/03/2026;1900 UTC;7,4;22,4;96
26/03/2026;2000 UTC;,8;22;95
26/03/2026;2100 UTC;,4;21,9;95
26/03/2026;2200 UTC;0;21,3;95
26/03/2026;2300 UTC;0;20,9;96
27/03/2026;0000 UTC;0;20,8;95
27/03/2026;0100 UTC;0;20,3;96
27/03/2026;0200 UTC;0;20,2;96
27/03/2026;0300 UTC;0;20,2;97
27/03/2026;0400 UTC;0;20;97
27/03/2026;0500 UTC;0;19,9;97
27/03/2026;0600 UTC;0;19,6;97
27/03/2026;0700 UTC;0;19,7;98
27/03/2026;0800 UTC;,2;19,6;97
27/03/2026;0900 UTC;0;19,4;97
27/03/2026;1000 UTC;0;19,6;98
27/03/2026;1100 UTC;0;20,8;96
27/03/2026;1200 UTC;0;22,8;82
27/03/2026;1300 UTC;0;25,4;68
27/03/2026;1400 UTC;0;26,8;60
27/03/2026;1500 UTC;,2;28,1;50
27/03/2026;1600 UTC;0;28,1;47
27/03/2026;1700 UTC;0;27,9;54
27/03/2026;1800 UTC;0;26,5;69
27/03/2026;1900 UTC;0;25,3;72
27/03/2026;2000 UTC;0;23,9;76
27/03/2026;2100 UTC;0;22,5;80
27/03/2026;2200 UTC;0;21,7;86
27/03/2026;2300 UTC;0;21,3;89
28/03/2026;0000 UTC;0;21,2;89
28/03/2026;0100 UTC;0;21;89
28/03/2026;0200 UTC;0;20,2;91
28/03/2026;0300 UTC;0;19,5;93
28/03/2026;0400 UTC;0;19,4;94
28/03/2026;0500 UTC;0;18,9;95
28/03/2026;0600 UTC;0;18,5;96
28/03/2026;0700 UTC;0;18,3;94
28/03/2026;0800 UTC;0;18,3;96
28/03/2026;0900 UTC;0;18,3;95
28/03/2026;1000 UTC;0;19,5;91
28/03/2026;1100 UTC;0;21,3;79
28/03/2026;1200 UTC;0;22,6;73
28/03/2026;1300 UTC;0;25,6;62
28/03/2026;1400 UTC;0;26,5;55
28/03/2026;1500 UTC;0;26,9;50
28/03/2026;1600 UTC;0;27,7;51
28/03/2026;1700 UTC;0;27,1;61
28/03/2026;1800 UTC;0;25,8;73
28/03/2026;1900 UTC;0;24;77
28/03/2026;2000 UTC;0;23;77
28/03/2026;2100 UTC;0;21,7;83
28/03/2026;2200 UTC;0;21;84
28/03/2026;2300 UTC;0;20,9;86
29/03/2026;0000 UTC;0;20,3;88
29/03/2026;0100 UTC;0;19,9;91
29/03/2026;0200 UTC;0;19,6;92
29/03/2026;0300 UTC;0;19,2;92
29/03/2026;0400 UTC;0;19,3;94
29/03/2026;0500 UTC;0;18,6;95
29/03/2026;0600 UTC;0;19,4;95
29/03/2026;0700 UTC;0;19,4;92
29/03/2026;0800 UTC;0;18,9;95
29/03/2026;0900 UTC;0;19;96
29/03/2026;1000 UTC;0;19,8;90
29/03/2026;1100 UTC;0;20,7;84
29/03/2026;1200 UTC;0;23;75
29/03/2026;1300 UTC;0;24,9;67
29/03/2026;1400 UTC;0;25,2;63
29/03/2026;1500 UTC;0;26,8;57
29/03/2026;1600 UTC;0;27,1;57
29/03/2026;1700 UTC;0;25,9;73
29/03/2026;1800 UTC;0;25,5;72
29/03/2026;1900 UTC;0;24,5;76
29/03/2026;2000 UTC;0;23,4;81
29/03/2026;2100 UTC;0;22,4;83
29/03/2026;2200 UTC;0;21,3;84
29/03/2026;2300 UTC;0;20,7;86
30/03/2026;0000 UTC;0;20,5;86
30/03/2026;0100 UTC;0;19,9;90
30/03/2026;0200 UTC;0;19,8;91
30/03/2026;0300 UTC;0;19,3;92
30/03/2026;0400 UTC;0;18,7;94
30/03/2026;0500 UTC;0;18,4;95
30/03/2026;0600 UTC;0;18,1;96
30/03/2026;0700 UTC;0;17,9;96
30/03/2026;0800 UTC;0;17,4;96
30/03/2026;0900 UTC;,2;17,5;96
30/03/2026;1000 UTC;0;18,8;93
30/03/2026;1100 UTC;0;20,8;81
30/03/2026;1200 UTC;0;21,5;80
30/03/2026;1300 UTC;0;22,9;76
30/03/2026;1400 UTC;0;24,5;73
30/03/2026;1500 UTC;0;24,4;71
30/03/2026;1600 UTC;0;24,9;71
30/03/2026;1700 UTC;0;23,4;76
30/03/2026;1800 UTC;0;23;77
30/03/2026;1900 UTC;0;22,6;76
30/03/2026;2000 UTC;0;21,3;80
30/03/2026;2100 UTC;0;20,4;86
30/03/2026;2200 UTC;0;19,9;87
30/03/2026;2300 UTC;0;19,9;88
31/03/2026;0000 UTC;0;19,2;89
31/03/2026;0100 UTC;0;19,2;93
31/03/2026;0200 UTC;0;19,2;93
31/03/2026;0300 UTC;0;19,2;91
31/03/2026;0400 UTC;0;19,2;92
31/03/2026;0500 UTC;,4;18,8;95
31/03/2026;0600 UTC;0;18,9;95
31/03/2026;0700 UTC;,2;19;95
31/03/2026;0800 UTC;1,2;18,5;94
31/03/2026;0900 UTC;,4;18,5;95
31/03/2026;1000 UTC;0;18,5;95
31/03/2026;1100 UTC;2;18;94
31/03/2026;1200 UTC;4,4;18,3;92
31/03/2026;1300 UTC;0;20,2;87
31/03/2026;1400 UTC;0;21,3;80
31/03/2026;1500 UTC;0;23,2;72
31/03/2026;1600 UTC;0;24;71
31/03/2026;1700 UTC;0;24,6;64
31/03/2026;1800 UTC;0;21,4;86
31/03/2026;1900 UTC;0;19,8;88
31/03/2026;2000 UTC;0;19,4;91
31/03/2026;2100 UTC;,2;18,7;95
31/03/2026;2200 UTC;,2;18,7;92
31/03/2026;2300 UTC;0;19;92
01/04/2026;0000 UTC;0;18,9;94
01/04/2026;0100 UTC;0;19,1;90
01/04/2026;0200 UTC;0;19,1;90
01/04/2026;0300 UTC;0;18,7;90
01/04/2026;0400 UTC;0;18,1;93
01/04/2026;0500 UTC;0;18;93
01/04/2026;0600 UTC;0;17,8;94
01/04/2026;0700 UTC;0;18,4;93
01/04/2026;0800 UTC;0;18,3;95
01/04/2026;0900 UTC;0;18,4;94
01/04/2026;1000 UTC;0;18,8;92
01/04/2026;1100 UTC;0;19,9;83
01/04/2026;1200 UTC;0;21,7;77
01/04/2026;1300 UTC;0;24;67
01/04/2026;1400 UTC;0;24,6;61
01/04/2026;1500 UTC;0;25,6;61
01/04/2026;1600 UTC;0;26,6;61
01/04/2026;1700 UTC;0;26,7;58
01/04/2026;1800 UTC;0;23,4;78
01/04/2026;1900 UTC;0;21,7;87
01/04/2026;2000 UTC;10,2;20,4;96
01/04/2026;2100 UTC;7,4;18,4;93
01/04/2026;2200 UTC;13,4;18,1;96
01/04/2026;2300 UTC;,2;18,5;94
02/04/2026;0000 UTC;0;18,1;96
02/04/2026;0100 UTC;0;19;95
02/04/2026;0200 UTC;0;19,3;95
02/04/2026;0300 UTC;0;19,5;96
02/04/2026;0400 UTC;0;19,5;94
02/04/2026;0500 UTC;0;19,6;93
02/04/2026;0600 UTC;0;19,7;92
02/04/2026;0700 UTC;,2;19,3;94
02/04/2026;0800 UTC;0;19;95
02/04/2026;0900 UTC;0;19,2;95
02/04/2026;1000 UTC;0;19,7;93
02/04/2026;1100 UTC;0;21,8;89
02/04/2026;1200 UTC;0;25;74
02/04/2026;1300 UTC;0;26;65
02/04/2026;1400 UTC;0;26,1;63
02/04/2026;1500 UTC;0;27,4;59
02/04/2026;1600 UTC;0;28,8;56
02/04/2026;1700 UTC;0;30,1;51
02/04/2026;1800 UTC;0;28;60
02/04/2026;1900 UTC;0;27,4;57
02/04/2026;2000 UTC;1,2;21,8;84
02/04/2026;2100 UTC;,8;19,6;93
02/04/2026;2200 UTC;0;20,1;90
02/04/2026;2300 UTC;0;20,5;88
03/04/2026;0000 UTC;0;20,9;87
03/04/2026;0100 UTC;0;20,3;86
03/04/2026;0200 UTC;0;20,6;84
03/04/2026;0300 UTC;0;20,8;85
03/04/2026;0400 UTC;0;20,9;85
03/04/2026;0500 UTC;0;20,3;86
03/04/2026;0600 UTC;0;20,2;89
03/04/2026;0700 UTC;0;19,9;90
03/04/2026;0800 UTC;0;19,4;92
03/04/2026;0900 UTC;,2;19;93
03/04/2026;1000 UTC;0;19,5;94
03/04/2026;1100 UTC;0;22,2;77
03/04/2026;1200 UTC;0;24,7;69
03/04/2026;1300 UTC;0;26,4;63
03/04/2026;1400 UTC;0;26,7;62
03/04/2026;1500 UTC;0;29;58
03/04/2026;1600 UTC;0;29,4;54
03/04/2026;1700 UTC;0;30,3;51
03/04/2026;1800 UTC;0;28,8;52
03/04/2026;1900 UTC;0;26,9;62
03/04/2026;2000 UTC;0;25,7;62
03/04/2026;2100 UTC;0;23,5;70
03/04/2026;2200 UTC;0;22,6;74
03/04/2026;2300 UTC;0;23;79
04/04/2026;0000 UTC;0;22,9;83
04/04/2026;0100 UTC;0;22,4;77
04/04/2026;0200 UTC;0;22,1;78
04/04/2026;0300 UTC;0;21,9;81
04/04/2026;0400 UTC;0;21;85
04/04/2026;0500 UTC;0;20,6;86
04/04/2026;0600 UTC;0;19,9;88
04/04/2026;0700 UTC;0;19,4;91
04/04/2026;0800 UTC;0;19,4;93
04/04/2026;0900 UTC;0;19;94
04/04/2026;1000 UTC;0;20,4;90
04/04/2026;1100 UTC;0;23;76
04/04/2026;1200 UTC;0;24,7;69
04/04/2026;1300 UTC;0;26,7;66
04/04/2026;1400 UTC;0;27,8;59
04/04/2026;1500 UTC;0;29,5;55
04/04/2026;1600 UTC;0;30,4;47
04/04/2026;1700 UTC;0;25,8;67
04/04/2026;1800 UTC;,8;23,3;82
04/04/2026;1900 UTC;0;24;74
04/04/2026;2000 UTC;,4;22,2;89
04/04/2026;2100 UTC;,2;21,9;92
04/04/2026;2200 UTC;0;21,4;93
04/04/2026;2300 UTC;0;21,2;94
05/04/2026;0000 UTC;,2;21,7;94
05/04/2026;0100 UTC;0;21,6;87
05/04/2026;0200 UTC;0;21;86
05/04/2026;0300 UTC;0;21,4;85
05/04/2026;0400 UTC;0;21;86
05/04/2026;0500 UTC;0;20,6;88
05/04/2026;0600 UTC;0;20,5;88
05/04/2026;0700 UTC;0;20;90
05/04/2026;0800 UTC;0;19,4;93
05/04/2026;0900 UTC;0;19,5;96
05/04/2026;1000 UTC;0;20;96
05/04/2026;1100 UTC;0;22,9;84
05/04/2026;1200 UTC;0;23,5;79
05/04/2026;1300 UTC;0;23,6;80
05/04/2026;1400 UTC;0;23,8;78
05/04/2026;1500 UTC;0;24,5;78
05/04/2026;1600 UTC;0;25,1;72
05/04/2026;1700 UTC;0;25,9;70
05/04/2026;1800 UTC;0;24,8;74
05/04/2026;1900 UTC;0;24,1;77
05/04/2026;2000 UTC;0;23,3;79
05/04/2026;2100 UTC;0;21,9;87
05/04/2026;2200 UTC;0;21,3;90
05/04/2026;2300 UTC;0;21,3;87
06/04/2026;0000 UTC;0;21,3;87
06/04/2026;0100 UTC;0;21,1;90
06/04/2026;0200 UTC;0;20,7;92
06/04/2026;0300 UTC;0;20,4;93
06/04/2026;0400 UTC;0;19,8;93
06/04/2026;0500 UTC;0;19,4;94
06/04/2026;0600 UTC;0;19,1;93
06/04/2026;0700 UTC;0;19;94
06/04/2026;0800 UTC;0;18,9;94
06/04/2026;0900 UTC;0;18,9;95
06/04/2026;1000 UTC;0;20;89
06/04/2026;1100 UTC;0;21,9;82
06/04/2026;1200 UTC;0;23,8;73
06/04/2026;1300 UTC;0;24;73
06/04/2026;1400 UTC;0;25,1;71
06/04/2026;1500 UTC;0;25,6;71
06/04/2026;1600 UTC;0;26;72
06/04/2026;1700 UTC;0;25,3;73
06/04/2026;1800 UTC;0;24,7;77
06/04/2026;1900 UTC;0;23,6;82
06/04/2026;2000 UTC;0;22,7;86
06/04/2026;2100 UTC;0;21,9;88
06/04/2026;2200 UTC;0;21,6;90
06/04/2026;2300 UTC;0;21,7;90
07/04/2026;0000 UTC;0;21,6;89
07/04/2026;0100 UTC;0;21,4;89
07/04/2026;0200 UTC;0;21,1;90
07/04/2026;0300 UTC;0;20,7;91
07/04/2026;0400 UTC;0;20,9;91
07/04/2026;0500 UTC;1,4;20,4;93
07/04/2026;0600 UTC;0;20,1;96
07/04/2026;0700 UTC;,2;20,2;96
07/04/2026;0800 UTC;0;20,2;96
07/04/2026;0900 UTC;0;20,3;96
07/04/2026;1000 UTC;,4;21;96
07/04/2026;1100 UTC;0;21,2;92
07/04/2026;1200 UTC;0;22,8;84
07/04/2026;1300 UTC;0;22,8;86
07/04/2026;1400 UTC;0;24,3;80
07/04/2026;1500 UTC;0;27,6;70
07/04/2026;1600 UTC;0;28,4;63
07/04/2026;1700 UTC;0;27,3;66
07/04/2026;1800 UTC;0;28,3;58
07/04/2026;1900 UTC;8,2;20;93
07/04/2026;2000 UTC;,6;22;95
07/04/2026;2100 UTC;0;21,8;88
07/04/2026;2200 UTC;0;21,4;91
07/04/2026;2300 UTC;0;21,1;91
08/04/2026;0000 UTC;0;21,3;90
08/04/2026;0100 UTC;0;20,6;94
08/04/2026;0200 UTC;0;20,4;94
08/04/2026;0300 UTC;0;19,9;95
08/04/2026;0400 UTC;0;19,9;95
08/04/2026;0500 UTC;0;20;94
08/04/2026;0600 UTC;0;19,8;96
08/04/2026;0700 UTC;0;20,4;93
08/04/2026;0800 UTC;0;20,2;93
08/04/2026;0900 UTC;0;21,5;87
08/04/2026;1000 UTC;0;21;88
08/04/2026;1100 UTC;0;21,7;85
08/04/2026;1200 UTC;0;23,6;75
08/04/2026;1300 UTC;0;23,9;70
08/04/2026;1400 UTC;0;23,6;72
08/04/2026;1500 UTC;0;24,6;66
08/04/2026;1600 UTC;0;24,9;62
08/04/2026;1700 UTC;0;24,5;64
08/04/2026;1800 UTC;0;24,1;71
08/04/2026;1900 UTC;0;24,1;74
08/04/2026;2000 UTC;0;23,9;69
08/04/2026;2100 UTC;0;23,8;72
08/04/2026;2200 UTC;0;23,3;74
08/04/2026;2300 UTC;0;22,3;79
09/04/2026;0000 UTC;0;21,9;81
09/04/2026;0100 UTC;0;21,9;81
09/04/2026;0200 UTC;0;21,8;83
09/04/2026;0300 UTC;0;21,6;87
09/04/2026;0400 UTC;0;22,1;85
09/04/2026;0500 UTC;0;21,9;85
09/04/2026;0600 UTC;0;21,6;85
09/04/2026;0700 UTC;0;21,5;85
09/04/2026;0800 UTC;0;21,5;84
09/04/2026;0900 UTC;0;21,3;85
09/04/2026;1000 UTC;0;21;86
09/04/2026;1100 UTC;0;21,4;84
09/04/2026;1200 UTC;0;22,2;80
09/04/2026;1300 UTC;0;23,4;74
09/04/2026;1400 UTC;0;23,8;72
09/04/2026;1500 UTC;0;23,9;74
09/04/2026;1600 UTC;0;23,7;78
09/04/2026;1700 UTC;0;22,4;81
09/04/2026;1800 UTC;0;22;79
09/04/2026;1900 UTC;0;21,8;81
09/04/2026;2000 UTC;0;20,8;84
09/04/2026;2100 UTC;0;19,2;84
09/04/2026;2200 UTC;0;19,2;81
09/04/2026;2300 UTC;0;18,9;87
10/04/2026;0000 UTC;0;19,1;86
10/04/2026;0100 UTC;0;19,2;85
10/04/2026;0200 UTC;0;19,2;89
10/04/2026;0300 UTC;0;19;90
10/04/2026;0400 UTC;0;18,9;90
10/04/2026;0500 UTC;0;18,6;90
10/04/2026;0600 UTC;0;18,4;90
10/04/2026;0700 UTC;0;18,1;88
10/04/2026;0800 UTC;0;18;90
10/04/2026;0900 UTC;0;17,9;90
10/04/2026;1000 UTC;0;17,9;90
10/04/2026;1100 UTC;0;18,3;87
10/04/2026;1200 UTC;0;19;82
10/04/2026;1300 UTC;0;19,7;77
10/04/2026;1400 UTC;0;19,6;77
10/04/2026;1500 UTC;,6;17,5;90
10/04/2026;1600 UTC;0;17,1;82
10/04/2026;1700 UTC;8;16,4;93
10/04/2026;1800 UTC;,8;16,4;91
10/04/2026;1900 UTC;,6;16,3;90
10/04/2026;2000 UTC;,4;16,1;90
10/04/2026;2100 UTC;0;16,2;87
10/04/2026;2200 UTC;0;16,4;87
10/04/2026;2300 UTC;0;16,7;86
11/04/2026;0000 UTC;0;17,1;84
11/04/2026;0100 UTC;0;17;84
11/04/2026;0200 UTC;0;16,6;85
11/04/2026;0300 UTC;0;16;91
11/04/2026;0400 UTC;0;16,3;88
11/04/2026;0500 UTC;0;16;91
11/04/2026;0600 UTC;0;16,1;90
11/04/2026;0700 UTC;0;15,8;92
11/04/2026;0800 UTC;0;15,5;93
11/04/2026;0900 UTC;0;15,5;92
11/04/2026;1000 UTC;0;16,7;85
11/04/2026;1100 UTC;0;18,2;77
11/04/2026;1200 UTC;0;20,2;68
11/04/2026;1300 UTC;0;21,2;58
11/04/2026;1400 UTC;0;22,1;57
11/04/2026;1500 UTC;0;22,3;63
11/04/2026;1600 UTC;0;22,5;65
11/04/2026;1700 UTC;0;21,9;66
11/04/2026;1800 UTC;0;21,7;62
11/04/2026;1900 UTC;0;20,8;72
11/04/2026;2000 UTC;0;19,3;78
11/04/2026;2100 UTC;0;18,3;84
11/04/2026;2200 UTC;0;18;88
11/04/2026;2300 UTC;0;17,8;88
12/04/2026;0000 UTC;0;17,8;88
12/04/2026;0100 UTC;0;17,9;88
12/04/2026;0200 UTC;0;17,5;86
12/04/2026;0300 UTC;0;17,4;87
12/04/2026;0400 UTC;0;16,6;91
12/04/2026;0500 UTC;0;15,9;92
12/04/2026;0600 UTC;0;16,1;91
12/04/2026;0700 UTC;0;15,8;90
12/04/2026;0800 UTC;0;16;90
12/04/2026;0900 UTC;0;15,9;89
12/04/2026;1000 UTC;0;16,7;85
12/04/2026;1100 UTC;0;18,1;80
12/04/2026;1200 UTC;0;20,1;72
12/04/2026;1300 UTC;0;21,3;65
12/04/2026;1400 UTC;0;23,2;62
12/04/2026;1500 UTC;0;24,2;58
12/04/2026;1600 UTC;0;24,8;53
12/04/2026;1700 UTC;0;24,3;62
12/04/2026;1800 UTC;0;22,6;77
12/04/2026;1900 UTC;0;21,3;81
12/04/2026;2000 UTC;0;20,3;83
12/04/2026;2100 UTC;0;19,5;83
12/04/2026;2200 UTC;0;19;83
12/04/2026;2300 UTC;0;18,8;84
13/04/2026;0000 UTC;0;19;86
13/04/2026;0100 UTC;0;18,5;87
13/04/2026;0200 UTC;0;17,4;91
13/04/2026;0300 UTC;0;17,2;94
13/04/2026;0400 UTC;0;17,7;92
13/04/2026;0500 UTC;0;18;90
13/04/2026;0600 UTC;0;17,8;90
13/04/2026;0700 UTC;0;18,2;90
13/04/2026;0800 UTC;0;18,1;88
13/04/2026;0900 UTC;0;17,7;90
13/04/2026;1000 UTC;0;18,3;88
13/04/2026;1100 UTC;0;20,1;80
13/04/2026;1200 UTC;0;21,2;74
13/04/2026;1300 UTC;0;22,5;73
13/04/2026;1400 UTC;0;24,1;66
13/04/2026;1500 UTC;0;24,3;61
13/04/2026;1600 UTC;0;25;59
13/04/2026;1700 UTC;0;25,2;65
13/04/2026;1800 UTC;0;24,7;62
13/04/2026;1900 UTC;0;23;75
13/04/2026;2000 UTC;0;22;82
13/04/2026;2100 UTC;0;20,6;87
13/04/2026;2200 UTC;0;19,6;87
13/04/2026;2300 UTC;0;19,6;88
14/04/2026;0000 UTC;0;19,2;90
14/04/2026;0100 UTC;0;19;91
14/04/2026;0200 UTC;0;18,8;91
14/04/2026;0300 UTC;0;18,3;93
14/04/2026;0400 UTC;0;18,4;91
14/04/2026;0500 UTC;0;18,1;92
14/04/2026;0600 UTC;0;18,1;88
14/04/2026;0700 UTC;0;17,9;92
14/04/2026;0800 UTC;0;17,4;92
14/04/2026;0900 UTC;0;17,1;95
14/04/2026;1000 UTC;0;17,4;95
14/04/2026;1100 UTC;0;18,3;89
14/04/2026;1200 UTC;0;19,8;79
14/04/2026;1300 UTC;0;21,4;66
14/04/2026;1400 UTC;0;22,6;67
14/04/2026;1500 UTC;0;23,6;61
14/04/2026;1600 UTC;0;24;60
14/04/2026;1700 UTC;0;24;63
14/04/2026;1800 UTC;0;22,9;70
14/04/2026;1900 UTC;0;21,3;77
14/04/2026;2000 UTC;0;19,8;80
14/04/2026;2100 UTC;0;19;86
14/04/2026;2200 UTC;0;18,2;85
14/04/2026;2300 UTC;0;17,6;84
15/04/2026;0000 UTC;0;17,3;90
15/04/2026;0100 UTC;0;17,5;88
15/04/2026;0200 UTC;0;17,4;90
15/04/2026;0300 UTC;0;17;91
15/04/2026;0400 UTC;0;16,5;93
15/04/2026;0500 UTC;0;16,1;93
15/04/2026;0600 UTC;0;16,3;90
15/04/2026;0700 UTC;0;16;91
15/04/2026;0800 UTC;0;15,6;92
15/04/2026;0900 UTC;0;16;88
15/04/2026;1000 UTC;0;16,8;84
15/04/2026;1100 UTC;0;19,1;78
15/04/2026;1200 UTC;0;20,7;68
15/04/2026;1300 UTC;0;22,2;58
15/04/2026;1400 UTC;0;23,2;53
15/04/2026;1500 UTC;0;24,1;50
15/04/2026;1600 UTC;0;24,9;50
15/04/2026;1700 UTC;0;24,2;62
15/04/2026;1800 UTC;0;23,5;69
15/04/2026;1900 UTC;0;22,6;75
15/04/2026;2000 UTC;0;21;80
15/04/2026;2100 UTC;0;19,5;84
15/04/2026;2200 UTC;0;19,1;87
15/04/2026;2300 UTC;0;18,9;88
16/04/2026;0000 UTC;0;18,8;86
16/04/2026;0100 UTC;0;18,7;86
16/04/2026;0200 UTC;0;18,8;86
16/04/2026;0300 UTC;0;19,1;85
16/04/2026;0400 UTC;0;17,9;90
16/04/2026;0500 UTC;0;17,3;92
16/04/2026;0600 UTC;0;16,9;94
16/04/2026;0700 UTC;0;16,5;95
16/04/2026;0800 UTC;0;16,2;95
16/04/2026;0900 UTC;0;16,8;91
16/04/2026;1000 UTC;0;17,1;89
16/04/2026;1100 UTC;0;19,6;80
16/04/2026;1200 UTC;0;20,5;75
16/04/2026;1300 UTC;0;22;66
16/04/2026;1400 UTC;0;23,5;60
16/04/2026;1500 UTC;0;24,7;52
16/04/2026;1600 UTC;0;25,4;51
16/04/2026;1700 UTC;0;25;64
16/04/2026;1800 UTC;0;23,5;72
16/04/2026;1900 UTC;0;22,1;79
16/04/2026;2000 UTC;0;20,8;84
16/04/2026;2100 UTC;0;19,8;87
16/04/2026;2200 UTC;0;19;90
16/04/2026;2300 UTC;0;18,5;93
17/04/2026;0000 UTC;0;18;94
17/04/2026;0100 UTC;0;18,1;96
17/04/2026;0200 UTC;0;17,9;96
17/04/2026;0300 UTC;0;18;96
17/04/2026;0400 UTC;0;18;97
17/04/2026;0500 UTC;0;17,5;96
17/04/2026;0600 UTC;0;17,3;97
17/04/2026;0700 UTC;,2;17,7;97
17/04/2026;0800 UTC;0;17,4;97
17/04/2026;0900 UTC;0;17,4;97
17/04/2026;1000 UTC;0;17,9;96
17/04/2026;1100 UTC;0;19,6;86
17/04/2026;1200 UTC;0;23,2;70
17/04/2026;1300 UTC;0;25,1;56
17/04/2026;1400 UTC;0;27;48
17/04/2026;1500 UTC;0;28;48
17/04/2026;1600 UTC;0;28,5;43
17/04/2026;1700 UTC;0;28,4;46
17/04/2026;1800 UTC;0;29,9;43
17/04/2026;1900 UTC;0;28,3;49
17/04/2026;2000 UTC;0;25,4;67
17/04/2026;2100 UTC;0;23,5;69
17/04/2026;2200 UTC;0;22,1;75
17/04/2026;2300 UTC;0;21,8;74
18/04/2026;0000 UTC;0;22,7;68
18/04/2026;0100 UTC;0;22,8;69
18/04/2026;0200 UTC;0;22,3;72
18/04/2026;0300 UTC;0;21,9;74
18/04/2026;0400 UTC;0;21;80
18/04/2026;0500 UTC;0;20,7;74
18/04/2026;0600 UTC;0;20,8;72
18/04/2026;0700 UTC;0;19,8;83
18/04/2026;0800 UTC;0;20,3;80
18/04/2026;0900 UTC;0;19,9;81
18/04/2026;1000 UTC;0;20,2;79
18/04/2026;1100 UTC;0;21,6;76
18/04/2026;1200 UTC;0;23,7;65
18/04/2026;1300 UTC;0;25,2;61
18/04/2026;1400 UTC;0;27,3;55
18/04/2026;1500 UTC;0;24,8;66
18/04/2026;1600 UTC;0;23,4;77
18/04/2026;1700 UTC;0;28,7;54
18/04/2026;1800 UTC;0;27,6;55
18/04/2026;1900 UTC;0;25,6;64
18/04/2026;2000 UTC;0;25,4;66
18/04/2026;2100 UTC;0;22,3;91
18/04/2026;2200 UTC;0;21,7;93
18/04/2026;2300 UTC;0;21,1;95
19/04/2026;0000 UTC;0;20,3;95
19/04/2026;0100 UTC;0;20;96
19/04/2026;0200 UTC;0;19,5;94
19/04/2026;0300 UTC;0;19,5;92
19/04/2026;0400 UTC;0;19,8;93
19/04/2026;0500 UTC;0;19,5;93
19/04/2026;0600 UTC;0;18,2;91
19/04/2026;0700 UTC;0;17,3;94
19/04/2026;0800 UTC;0;16,9;92
19/04/2026;0900 UTC;0;16,8;94
19/04/2026;1000 UTC;0;17,6;93
19/04/2026;1100 UTC;,2;18,9;88
19/04/2026;1200 UTC;0;20,5;77
19/04/2026;1300 UTC;0;21,9;67
19/04/2026;1400 UTC;0;22,9;61
19/04/2026;1500 UTC;0;23,4;57
19/04/2026;1600 UTC;0;24,2;51
19/04/2026;1700 UTC;0;24,6;55
19/04/2026;1800 UTC;0;24,2;63
19/04/2026;1900 UTC;0;23,1;71
19/04/2026;2000 UTC;0;21,3;79
19/04/2026;2100 UTC;0;19,8;85
19/04/2026;2200 UTC;0;19;89
19/04/2026;2300 UTC;0;19,1;86
20/04/2026;0000 UTC;0;18,6;90
20/04/2026;0100 UTC;0;18,3;90
20/04/2026;0200 UTC;0;18,7;90
20/04/2026;0300 UTC;0;18;91
20/04/2026;0400 UTC;0;17,7;91
20/04/2026;0500 UTC;0;17,3;86
20/04/2026;0600 UTC;0;16,7;92
20/04/2026;0700 UTC;0;16,2;94
20/04/2026;0800 UTC;0;15,9;94
20/04/2026;0900 UTC;0;15,2;93
20/04/2026;1000 UTC;0;16,2;94
20/04/2026;1100 UTC;0;18,9;78
20/04/2026;1200 UTC;0;20,2;72
20/04/2026;1300 UTC;0;21;65
20/04/2026;1400 UTC;0;21,8;62
20/04/2026;1500 UTC;0;22,5;58
20/04/2026;1600 UTC;0;22,5;57
20/04/2026;1700 UTC;0;22,7;58
20/04/2026;1800 UTC;0;22,9;60
20/04/2026;1900 UTC;0;21,8;59
20/04/2026;2000 UTC;0;20,3;63
20/04/2026;2100 UTC;0;19;69
20/04/2026;2200 UTC;0;17,8;82
20/04/2026;2300 UTC;0;17,1;86
21/04/2026;0000 UTC;0;17,1;89
21/04/2026;0100 UTC;0;16,7;91
21/04/2026;0200 UTC;0;16,4;92
21/04/2026;0300 UTC;0;16,5;93
21/04/2026;0400 UTC;0;16,6;93
21/04/2026;0500 UTC;0;16,3;91
21/04/2026;0600 UTC;0;15,7;93
21/04/2026;0700 UTC;0;15,3;93
21/04/2026;0800 UTC;0;14,8;91
21/04/2026;0900 UTC;0;14,3;94
21/04/2026;1000 UTC;0;15,2;94
21/04/2026;1100 UTC;,2;17,4;83
21/04/2026;1200 UTC;0;18,6;77
21/04/2026;1300 UTC;0;20,8;69
21/04/2026;1400 UTC;0;21,4;66
21/04/2026;1500 UTC;0;21,6;65
21/04/2026;1600 UTC;0;22,3;63
21/04/2026;1700 UTC;0;22,5;64
21/04/2026;1800 UTC;0;22,1;64
21/04/2026;1900 UTC;0;21;71
21/04/2026;2000 UTC;0;19,8;75
21/04/2026;2100 UTC;0;18,4;80
21/04/2026;2200 UTC;0;17,4;87
21/04/2026;2300 UTC;0;17,3;86
22/04/2026;0000 UTC;0;17,5;86
22/04/2026;0100 UTC;0;17,3;87
22/04/2026;0200 UTC;0;17,1;88
22/04/2026;0300 UTC;0;17,2;88
22/04/2026;0400 UTC;0;16,6;90
22/04/2026;0500 UTC;0;16,4;92
22/04/2026;0600 UTC;0;15,6;94
22/04/2026;0700 UTC;0;15,3;95
22/04/2026;0800 UTC;0;15;95
22/04/2026;0900 UTC;0;14,7;96
22/04/2026;1000 UTC;0;15,2;97
22/04/2026;1100 UTC;0;18;81
22/04/2026;1200 UTC;0;19,5;72
22/04/2026;1300 UTC;0;20,9;68
22/04/2026;1400 UTC;0;22,4;63
22/04/2026;1500 UTC;0;22,5;65
22/04/2026;1600 UTC;0;23,1;67
22/04/2026;1700 UTC;0;23;69
22/04/2026;1800 UTC;0;22,1;76
22/04/2026;1900 UTC;0;20,9;80
22/04/2026;2000 UTC;0;19,6;85
22/04/2026;2100 UTC;0;19;85
22/04/2026;2200 UTC;0;18,4;89
22/04/2026;2300 UTC;0;18,3;90
23/04/2026;0000 UTC;0;17,4;91
23/04/2026;0100 UTC;0;17,3;92
23/04/2026;0200 UTC;0;17,1;91
23/04/2026;0300 UTC;0;17,7;92
23/04/2026;0400 UTC;0;17,9;93
23/04/2026;0500 UTC;0;18,2;92
23/04/2026;0600 UTC;0;18,3;91
23/04/2026;0700 UTC;0;18,2;92
23/04/2026;0800 UTC;0;17,9;93
23/04/2026;0900 UTC;0;17,3;92
23/04/2026;1000 UTC;0;17,8;92
23/04/2026;1100 UTC;0;19,1;86
23/04/2026;1200 UTC;0;20,5;75
23/04/2026;1300 UTC;0;21;75
23/04/2026;1400 UTC;0;22,3;70
23/04/2026;1500 UTC;0;23,7;63
23/04/2026;1600 UTC;0;23,6;67
23/04/2026;1700 UTC;0;23,1;72
23/04/2026;1800 UTC;0;21,9;77
23/04/2026;1900 UTC;0;21,1;79
23/04/2026;2000 UTC;0;19,9;84
23/04/2026;2100 UTC;0;19,4;85
23/04/2026;2200 UTC;0;19;87
23/04/2026;2300 UTC;0;18,7;88
24/04/2026;0000 UTC;0;18,7;89
24/04/2026;0100 UTC;0;18,9;89
24/04/2026;0200 UTC;0;18,5;89
24/04/2026;0300 UTC;0;17,9;89
24/04/2026;0400 UTC;0;17,8;91
24/04/2026;0500 UTC;0;18,1;91
24/04/2026;0600 UTC;0;18,2;91
24/04/2026;0700 UTC;0;18,2;90
24/04/2026;0800 UTC;0;18;91
24/04/2026;0900 UTC;0;17,7;92
24/04/2026;1000 UTC;0;18,2;87
24/04/2026;1100 UTC;0;19,6;80
24/04/2026;1200 UTC;0;20,8;74
24/04/2026;1300 UTC;0;22,9;66
24/04/2026;1400 UTC;0;24,4;59
24/04/2026;1500 UTC;0;25,5;54
24/04/2026;1600 UTC;0;25,3;53
24/04/2026;1700 UTC;0;25,6;53
24/04/2026;1800 UTC;0;24,4;68
24/04/2026;1900 UTC;0;23,6;73
24/04/2026;2000 UTC;0;22,2;82
24/04/2026;2100 UTC;0;20,8;88
24/04/2026;2200 UTC;0;19,7;92
24/04/2026;2300 UTC;0;19,2;93
25/04/2026;0000 UTC;0;18,6;95
25/04/2026;0100 UTC;0;18,9;96
25/04/2026;0200 UTC;0;18,7;96
25/04/2026;0300 UTC;0;18,5;97
25/04/2026;0400 UTC;0;18,6;97
25/04/2026;0500 UTC;0;19;88
25/04/2026;0600 UTC;0;19;85
25/04/2026;0700 UTC;0;19,2;84
25/04/2026;0800 UTC;0;18,7;86
25/04/2026;0900 UTC;0;18,2;89
25/04/2026;1000 UTC;0;18;90
25/04/2026;1100 UTC;,2;20,9;77
25/04/2026;1200 UTC;0;23,7;62
25/04/2026;1300 UTC;0;25,7;58
25/04/2026;1400 UTC;0;26,6;56
25/04/2026;1500 UTC;0;28,1;54
25/04/2026;1600 UTC;0;28,8;49
25/04/2026;1700 UTC;0;28,7;46
25/04/2026;1800 UTC;0;29,2;45
25/04/2026;1900 UTC;0;28,9;45
25/04/2026;2000 UTC;0;27,2;51
25/04/2026;2100 UTC;0;25,3;57
25/04/2026;2200 UTC;0;23,2;65
25/04/2026;2300 UTC;0;23,1;67
26/04/2026;0000 UTC;0;22,4;70
26/04/2026;0100 UTC;0;21,9;74
26/04/2026;0200 UTC;0;21,2;80
26/04/2026;0300 UTC;0;20,7;81
26/04/2026;0400 UTC;0;20,4;83
26/04/2026;0500 UTC;0;19,5;85
26/04/2026;0600 UTC;0;19,8;83
26/04/2026;0700 UTC;0;18,9;91
26/04/2026;0800 UTC;0;18,5;93
26/04/2026;0900 UTC;0;18,5;93
26/04/2026;1000 UTC;0;18,9;93
26/04/2026;1100 UTC;0;21,8;74
26/04/2026;1200 UTC;0;24,5;61
26/04/2026;1300 UTC;0;26;58
26/04/2026;1400 UTC;0;27,6;53
26/04/2026;1500 UTC;0;28,3;51
26/04/2026;1600 UTC;0;29,1;46
26/04/2026;1700 UTC;0;29,2;46
26/04/2026;1800 UTC;0;29,9;45
26/04/2026;1900 UTC;0;29,5;44
26/04/2026;2000 UTC;0;28,5;48
26/04/2026;2100 UTC;0;26;58
26/04/2026;2200 UTC;0;24,3;64
26/04/2026;2300 UTC;0;24,5;62
27/04/2026;0000 UTC;0;24,7;62
27/04/2026;0100 UTC;0;23;69
27/04/2026;0200 UTC;0;22,5;72
27/04/2026;0300 UTC;0;20,6;90
27/04/2026;0400 UTC;0;20,7;91
27/04/2026;0500 UTC;0;20,2;94
27/04/2026;0600 UTC;0;20,4;93
27/04/2026;0700 UTC;0;20;95
27/04/2026;0800 UTC;0;20;95
27/04/2026;0900 UTC;0;19,9;94
27/04/2026;1000 UTC;0;20,7;95
27/04/2026;1100 UTC;0;21,5;88
27/04/2026;1200 UTC;0;22,8;77
27/04/2026;1300 UTC;0;23,7;71
27/04/2026;1400 UTC;0;24,7;71
27/04/2026;1500 UTC;0;26,2;64
27/04/2026;1600 UTC;0;26,1;64
27/04/2026;1700 UTC;0;26,6;60
27/04/2026;1800 UTC;0;24,6;69
27/04/2026;1900 UTC;0;24,2;71
27/04/2026;2000 UTC;0;23,9;74
27/04/2026;2100 UTC;0;22;90
27/04/2026;2200 UTC;0;20,8;93
27/04/2026;2300 UTC;0;20,2;94
28/04/2026;0000 UTC;0;19,5;94
28/04/2026;0100 UTC;0;19,2;93
28/04/2026;0200 UTC;0;19,3;94
28/04/2026;0300 UTC;0;19,4;92
28/04/2026;0400 UTC;0;19,6;86
28/04/2026;0500 UTC;0;19,1;93
28/04/2026;0600 UTC;0;18,9;95
28/04/2026;0700 UTC;0;19,4;94
28/04/2026;0800 UTC;0;19,6;93
28/04/2026;0900 UTC;0;19,7;92
28/04/2026;1000 UTC;0;18,4;95
28/04/2026;1100 UTC;0;18,4;96
28/04/2026;1200 UTC;0;19,9;94
28/04/2026;1300 UTC;0;21,6;85
28/04/2026;1400 UTC;0;23,1;80
28/04/2026;1500 UTC;0;23,6;77
28/04/2026;1600 UTC;0;22,9;81
28/04/2026;1700 UTC;0;22,6;83
28/04/2026;1800 UTC;0;22;85
28/04/2026;1900 UTC;0;21,1;89
28/04/2026;2000 UTC;0;20,3;93
28/04/2026;2100 UTC;0;20,2;92
28/04/2026;2200 UTC;0;20,1;92
28/04/2026;2300 UTC;0;20;93
29/04/2026;0000 UTC;0;19,9;92
29/04/2026;0100 UTC;0;19,6;93
29/04/2026;0200 UTC;0;19,7;91
29/04/2026;0300 UTC;0;19,7;92
29/04/2026;0400 UTC;0;19,8;92
29/04/2026;0500 UTC;0;19,5;93
29/04/2026;0600 UTC;0;19,6;94
29/04/2026;0700 UTC;0;19,6;92
29/04/2026;0800 UTC;0;19,7;92
29/04/2026;0900 UTC;0;19,6;91
29/04/2026;1000 UTC;0;19,9;92
29/04/2026;1100 UTC;0;20,4;90
29/04/2026;1200 UTC;0;22,4;83
29/04/2026;1300 UTC;0;24,6;76
29/04/2026;1400 UTC;0;26,1;67
29/04/2026;1500 UTC;0;28,4;57
29/04/2026;1600 UTC;0;29,3;54
29/04/2026;1700 UTC;0;21,1;90
29/04/2026;1800 UTC;0;20,2;87
29/04/2026;1900 UTC;0;18,6;87
29/04/2026;2000 UTC;0;17,5;90
29/04/2026;2100 UTC;0;17,1;93
29/04/2026;2200 UTC;0;17,7;94
29/04/2026;2300 UTC;0;17,7;93
30/04/2026;0000 UTC;0;17,7;95
30/04/2026;0100 UTC;,2;17,7;91
30/04/2026;0200 UTC;0;17,9;90
30/04/2026;0300 UTC;0;18,5;87
30/04/2026;0400 UTC;,6;17,6;93
30/04/2026;0500 UTC;,2;17,3;94
30/04/2026;0600 UTC;0;17,2;94
30/04/2026;0700 UTC;,6;17,1;95
30/04/2026;0800 UTC;,8;17,1;96
30/04/2026;0900 UTC;,2;17,2;96
30/04/2026;1000 UTC;0;17,7;95
30/04/2026;1100 UTC;0;19,1;90
30/04/2026;1200 UTC;0;20,8;81
30/04/2026;1300 UTC;0;22;73
30/04/2026;1400 UTC;0;23,7;68
30/04/2026;1500 UTC;0;23,9;72
30/04/2026;1600 UTC;0;23,2;76
30/04/2026;1700 UTC;0;22,1;79
30/04/2026;1800 UTC;0;20,8;83
30/04/2026;1900 UTC;0;19,8;83
30/04/2026;2000 UTC;0;19,4;84
30/04/2026;2100 UTC;0;19,3;84
30/04/2026;2200 UTC;0;18,8;87
30/04/2026;2300 UTC;0;18,4;93